days_since_last_offense,speed_recorded,zone_type,weather_conditions,cumulative_active_demerit_points,past_fine_payment_delays_days,reoffended_within_180_days
32,24.97,urban,clear,29,4.01,1
283,50.44,urban,clear,8,3.48,0
239,41.79,urban,clear,22,2.39,1
160,33.0,urban,rain,3,4.56,0
158,54.09,urban,clear,30,1.39,0
314,104.5,highway,rain,6,1.26,0
31,77.11,highway,fog,12,3.77,1
255,103.81,residential,clear,24,3.45,1
73,86.22,school_zone,rain,6,3.51,0
34,93.65,highway,clear,17,2.88,0
192,59.98,urban,fog,24,5.29,1
357,88.48,highway,night,0,4.15,0
269,92.57,urban,clear,0,0.86,0
278,66.47,urban,rain,24,2.76,1
262,89.19,urban,clear,8,12.03,1
287,89.32,urban,clear,28,1.99,0
187,67.01,urban,rain,28,6.48,1
46,55.54,highway,clear,27,3.12,1
307,54.32,school_zone,rain,30,7.19,1
164,79.73,school_zone,clear,25,0.94,0
183,84.54,highway,clear,11,2.58,0
135,62.15,highway,fog,30,5.61,0
66,78.53,urban,clear,10,5.32,1
339,89.41,school_zone,rain,18,7.9,1
286,90.36,highway,clear,0,6.77,0
235,109.04,urban,fog,29,2.53,1
147,103.54,urban,rain,18,8.12,1
301,57.97,residential,clear,29,8.93,1
199,111.67,highway,clear,10,1.95,1
162,67.38,highway,clear,9,2.27,0
164,98.9,highway,night,16,17.95,0
83,79.36,urban,clear,26,2.91,1
33,69.76,highway,clear,17,7.07,0
202,41.85,urban,rain,24,3.09,0
324,74.57,urban,clear,6,1.95,0
23,46.81,highway,clear,24,5.05,0
314,97.35,urban,clear,22,2.95,1
302,108.34,school_zone,clear,27,7.74,0
101,62.06,urban,rain,1,4.53,1
231,84.04,highway,fog,11,13.56,0
60,63.49,highway,night,2,1.42,0
277,65.43,highway,fog,12,10.43,0
256,93.49,highway,clear,23,4.63,1
129,77.23,residential,clear,19,4.78,0
24,112.79,highway,rain,23,1.58,0
355,68.36,school_zone,night,22,3.64,0
163,97.99,school_zone,rain,30,6.02,1
326,79.95,urban,clear,27,6.87,0
248,93.92,urban,rain,18,0.95,1
284,69.06,urban,fog,27,3.29,0
278,77.01,urban,night,1,16.43,0
71,75.69,urban,fog,22,2.17,1
133,61.28,urban,clear,16,9.19,0
170,91.24,highway,clear,29,3.75,0
182,91.0,urban,clear,15,5.0,0
16,89.87,school_zone,clear,5,1.1,0
200,108.74,urban,night,22,4.06,1
56,106.99,school_zone,clear,29,5.97,1
272,70.5,urban,clear,0,4.83,0
249,85.46,highway,clear,1,4.27,0
337,65.53,urban,rain,20,7.54,0
272,78.47,highway,clear,17,1.42,0
134,66.01,urban,clear,17,6.18,0
354,110.4,residential,fog,2,0.45,0
150,85.27,urban,clear,17,11.03,1
119,73.64,highway,clear,17,4.39,1
331,101.87,urban,clear,26,8.76,0
135,34.59,highway,rain,12,0.11,1
27,37.72,highway,rain,10,7.89,1
171,93.92,urban,fog,2,2.54,1
291,79.21,urban,clear,17,5.03,1
69,83.01,urban,night,20,7.98,0
169,51.47,urban,rain,8,4.67,1
47,77.54,residential,clear,22,7.31,1
251,118.07,urban,clear,29,3.8,0
174,94.48,urban,clear,5,11.64,1
120,81.39,residential,fog,17,4.38,1
83,69.22,urban,clear,21,4.45,1
206,70.11,urban,clear,0,4.51,1
245,35.42,school_zone,rain,5,4.92,0
344,83.15,residential,fog,12,1.5,1
159,94.91,school_zone,rain,4,2.11,0
58,46.49,highway,fog,11,9.68,0
304,64.77,residential,clear,4,8.75,0
230,54.85,urban,fog,27,8.36,0
256,58.69,residential,clear,18,6.83,0
35,79.07,school_zone,clear,10,3.22,1
114,36.31,residential,night,24,2.94,1
281,90.29,urban,clear,0,4.76,0
304,93.08,urban,clear,18,10.74,0
159,72.98,highway,rain,21,5.71,1
294,28.39,highway,clear,25,2.01,1
308,58.07,highway,clear,6,1.19,0
141,102.66,residential,rain,18,8.95,1
328,22.44,highway,fog,23,13.11,1
105,71.05,urban,fog,24,0.9,1
87,54.4,urban,clear,5,9.16,0
249,94.09,urban,rain,30,6.72,0
233,64.5,urban,fog,8,2.46,0
51,86.08,urban,clear,12,5.77,0
304,89.31,school_zone,clear,5,1.71,0
73,114.72,school_zone,clear,4,4.11,0
294,73.94,highway,clear,7,4.97,0
2,85.52,urban,clear,4,11.56,1
291,48.3,highway,rain,22,3.95,0
288,101.81,school_zone,night,18,2.71,1
285,62.79,residential,clear,12,6.35,0
243,66.78,highway,rain,16,7.45,0
172,77.56,school_zone,clear,18,2.63,1
258,46.74,highway,clear,5,1.94,0
101,82.58,highway,fog,9,2.1,0
285,97.35,residential,clear,27,11.59,1
203,83.86,urban,night,0,7.22,0
167,46.22,urban,clear,29,3.74,0
185,75.52,urban,clear,29,10.29,1
208,92.84,highway,clear,7,2.61,0
13,40.44,highway,clear,9,4.61,1
51,56.5,highway,fog,6,1.68,0
89,95.53,urban,rain,17,9.98,1
41,83.4,urban,clear,6,2.42,0
160,86.24,residential,clear,24,2.47,0
244,115.19,urban,rain,12,6.45,0
239,87.37,residential,fog,29,0.4,0
172,91.16,urban,clear,26,1.33,0
312,132.21,highway,clear,12,8.17,0
206,73.72,highway,clear,18,2.07,0
28,62.04,school_zone,clear,0,20.82,0
279,86.56,urban,clear,2,5.55,0
210,86.78,residential,clear,15,0.82,0
232,67.47,highway,clear,14,13.56,0
206,57.35,highway,clear,12,5.54,1
202,124.2,highway,clear,2,4.2,0
33,84.54,urban,night,26,5.53,1
204,63.35,highway,rain,12,0.81,1
290,96.32,urban,clear,14,4.73,0
111,75.82,urban,clear,12,2.21,0
220,72.94,highway,clear,15,4.51,0
11,89.25,highway,fog,20,3.29,0
127,52.16,urban,rain,23,5.31,1
159,85.05,urban,clear,17,3.74,0
359,116.26,urban,night,5,3.12,0
78,87.32,urban,fog,27,1.99,1
101,70.48,highway,fog,8,0.86,0
149,67.86,urban,clear,0,0.66,0
363,69.79,residential,clear,1,1.38,1
312,72.92,urban,rain,23,7.73,1
12,70.44,urban,clear,11,1.88,0
85,96.33,residential,rain,0,2.69,0
300,43.34,urban,fog,25,2.71,0
21,95.24,urban,clear,9,3.34,1
313,70.41,residential,clear,30,6.79,1
102,85.54,residential,clear,27,3.71,1
335,55.46,school_zone,clear,1,8.78,1
107,104.57,urban,rain,21,1.4,1
158,102.91,highway,rain,18,8.14,0
242,97.19,residential,clear,5,12.48,1
46,47.7,residential,rain,10,4.69,1
203,94.58,urban,clear,15,1.75,1
184,86.1,urban,rain,4,6.89,1
286,45.89,urban,clear,22,4.75,0
364,77.51,urban,rain,8,6.02,0
243,85.29,highway,rain,29,8.96,1
149,89.12,urban,clear,24,3.48,0
148,81.55,urban,rain,19,3.03,0
152,83.82,urban,fog,3,23.54,1
297,107.47,highway,clear,0,6.95,0
117,102.52,urban,rain,4,10.08,1
61,20.66,urban,night,15,8.6,1
122,71.65,urban,fog,24,10.17,0
8,74.71,residential,clear,4,6.18,0
38,42.96,urban,rain,21,9.33,1
32,79.88,highway,night,1,2.7,1
282,102.98,urban,rain,8,0.83,0
264,56.27,urban,clear,18,2.12,0
255,84.73,urban,clear,25,4.22,1
169,59.68,urban,fog,24,3.78,0
262,64.56,urban,clear,16,4.77,0
59,107.55,highway,clear,1,2.56,1
329,67.15,highway,clear,9,0.48,0
183,87.24,urban,fog,24,3.39,1
343,40.58,urban,clear,2,1.22,0
55,115.25,highway,fog,21,4.61,1
182,90.05,urban,rain,21,6.4,1
254,74.35,urban,night,23,3.34,0
181,89.51,urban,fog,6,1.64,1
163,49.8,urban,clear,7,4.96,0
60,101.65,highway,rain,6,24.39,1
139,71.52,residential,clear,12,6.95,1
87,73.92,residential,night,16,7.34,0
110,68.17,residential,clear,3,3.05,0
250,66.39,urban,rain,17,2.27,1
230,91.89,urban,fog,7,10.19,0
222,83.12,urban,clear,17,0.27,0
132,91.03,urban,fog,9,2.49,0
351,77.82,urban,clear,29,14.43,0
32,88.26,urban,clear,9,4.39,1
125,69.62,highway,clear,27,0.96,1
43,122.59,urban,clear,5,6.54,0
124,46.64,urban,rain,2,3.36,0
352,103.22,school_zone,night,5,0.73,0
134,105.36,urban,clear,13,5.65,1
332,60.96,residential,rain,27,5.03,0
181,122.59,urban,fog,5,4.81,1
256,97.91,highway,fog,24,6.88,0
167,97.42,urban,clear,21,1.54,0
97,78.56,highway,night,10,6.09,1
279,73.66,urban,clear,10,5.31,0
354,73.81,urban,rain,29,10.04,0
96,85.81,highway,rain,22,2.46,1
285,106.02,urban,fog,7,11.28,1
95,81.63,urban,clear,28,8.49,1
262,59.77,residential,clear,12,4.26,0
288,94.49,urban,fog,2,4.8,0
164,96.42,highway,clear,25,0.31,1
269,91.09,highway,clear,26,4.7,0
99,92.91,urban,rain,13,8.08,1
29,72.58,highway,rain,21,3.74,1
35,59.42,urban,clear,7,10.02,0
163,60.64,school_zone,clear,26,6.62,0
330,45.29,urban,night,11,17.43,1
46,82.74,urban,clear,8,2.62,0
166,76.33,urban,clear,15,7.53,1
257,69.2,residential,clear,8,1.26,1
74,18.89,school_zone,clear,19,4.03,0
264,53.05,residential,night,23,6.91,1
111,100.42,highway,clear,12,7.87,0
295,64.71,highway,clear,24,3.5,0
211,85.21,highway,clear,13,10.78,0
200,50.19,residential,clear,30,12.42,1
64,106.77,highway,clear,8,2.65,1
169,75.12,urban,night,21,4.13,0
313,83.8,highway,rain,16,3.79,0
7,124.52,highway,clear,29,3.05,1
277,108.33,urban,clear,6,11.89,1
180,71.87,urban,clear,6,11.8,1
263,66.14,urban,clear,26,3.9,0
242,71.49,school_zone,rain,27,7.51,0
158,88.2,urban,clear,23,9.94,1
112,75.9,school_zone,rain,14,5.71,0
229,70.1,urban,fog,12,3.66,0
51,107.34,school_zone,clear,20,2.48,0
213,75.72,urban,night,23,8.03,1
34,123.99,residential,clear,8,1.37,1
237,79.81,highway,clear,0,3.74,0
230,113.71,urban,fog,2,3.22,1
30,85.15,urban,clear,10,1.28,0
277,97.26,urban,rain,21,4.4,0
152,63.51,urban,rain,13,4.06,1
288,60.92,school_zone,clear,19,2.03,1
15,87.19,residential,fog,14,11.59,1
65,97.77,highway,clear,7,8.07,0
180,78.81,highway,fog,23,4.86,1
68,52.27,urban,clear,22,8.96,0
120,50.79,school_zone,clear,29,10.48,1
241,49.46,school_zone,clear,25,11.95,0
52,42.65,urban,fog,11,2.61,0
248,80.19,residential,clear,21,8.96,1
37,100.5,urban,fog,10,4.07,1
64,77.73,school_zone,clear,27,5.56,0
215,32.79,residential,clear,18,2.73,0
290,74.18,school_zone,clear,25,4.69,0
62,74.74,urban,clear,8,9.05,0
109,119.92,highway,night,0,14.05,0
338,48.86,urban,clear,4,4.33,0
362,70.19,school_zone,rain,16,2.09,0
212,112.12,urban,rain,29,15.47,0
163,87.0,highway,clear,19,2.52,1
126,89.27,residential,rain,25,0.86,1
224,80.29,urban,fog,14,2.93,0
216,84.6,urban,rain,29,10.13,0
107,93.55,highway,clear,29,2.37,1
8,61.81,urban,rain,6,1.61,0
55,95.56,urban,rain,26,5.17,1
350,50.54,urban,clear,0,14.05,0
153,84.57,urban,rain,18,6.72,0
176,81.57,highway,clear,13,1.35,0
170,65.67,highway,fog,9,19.15,0
286,77.55,urban,night,28,6.14,0
23,65.55,highway,night,20,9.42,1
30,56.57,urban,fog,4,1.06,1
100,70.93,urban,rain,4,17.03,0
178,55.92,school_zone,rain,3,3.45,1
245,84.46,urban,clear,9,0.96,0
179,55.0,highway,clear,2,5.65,0
161,92.24,residential,clear,8,9.42,1
343,54.37,highway,clear,23,7.48,0
58,66.67,highway,night,27,7.38,1
209,65.51,urban,fog,24,7.0,0
198,104.5,urban,clear,15,5.27,1
173,84.61,urban,clear,21,1.05,0
295,73.77,school_zone,rain,29,4.03,1
97,87.97,school_zone,clear,1,3.58,0
349,35.86,urban,fog,28,11.98,1
121,77.14,urban,night,22,10.14,0
199,117.95,urban,clear,11,3.2,0
190,80.65,highway,clear,13,8.39,1
311,79.36,highway,clear,13,4.5,0
160,88.96,highway,clear,4,0.86,1
104,95.91,residential,clear,7,0.31,1
7,38.05,urban,clear,9,7.69,0
133,44.35,highway,clear,0,1.82,0
302,82.21,highway,clear,15,1.81,0
3,63.7,urban,clear,14,2.58,1
327,104.24,residential,rain,10,7.81,0
198,71.7,urban,clear,5,10.24,1
51,39.31,school_zone,fog,30,10.09,1
110,52.64,school_zone,clear,21,0.74,1
202,23.01,residential,clear,14,2.48,0
115,73.32,highway,clear,22,2.13,0
39,74.23,urban,rain,11,7.81,0
243,69.51,school_zone,clear,6,2.52,0
246,99.58,school_zone,clear,20,4.25,1
43,101.97,highway,clear,23,8.32,1
102,74.59,school_zone,night,20,4.93,0
89,35.31,urban,clear,17,6.12,1
241,90.35,highway,clear,0,4.12,0
267,89.11,residential,fog,19,9.51,1
266,84.19,urban,clear,19,10.18,1
343,97.63,highway,clear,12,7.0,0
281,54.7,residential,fog,7,10.21,1
117,118.18,school_zone,clear,30,23.38,1
39,58.81,residential,clear,11,8.22,0
224,92.98,urban,clear,8,4.63,1
335,44.25,residential,clear,21,6.23,1
356,59.39,urban,night,14,10.94,0
84,108.33,highway,rain,17,3.41,0
86,72.78,highway,rain,20,3.18,0
13,94.8,school_zone,clear,11,6.15,1
51,82.74,residential,rain,4,4.56,0
203,75.9,school_zone,rain,5,2.11,0
200,105.28,highway,clear,29,5.45,1
135,73.27,urban,fog,15,12.51,0
113,42.39,highway,rain,12,6.83,0
303,61.94,highway,fog,9,1.72,0
168,89.02,urban,clear,22,7.64,1
295,85.91,highway,clear,28,3.84,1
352,46.66,residential,rain,23,18.45,1
116,63.51,school_zone,fog,16,7.21,1
74,66.37,school_zone,clear,14,2.91,0
348,70.69,urban,clear,26,8.06,0
232,50.48,highway,fog,26,5.76,0
106,65.43,urban,clear,12,11.7,1
227,63.43,urban,clear,29,3.17,0
188,93.43,highway,rain,25,7.19,1
331,94.18,urban,clear,26,1.05,1
93,75.08,urban,clear,1,5.28,0
362,70.16,highway,clear,4,1.68,0
342,80.8,urban,night,9,5.61,0
66,61.67,urban,clear,23,6.58,0
60,55.06,urban,rain,2,6.99,0
195,59.2,highway,night,2,3.16,0
16,65.3,urban,rain,0,5.4,1
109,54.73,highway,clear,5,10.72,0
159,81.24,highway,clear,28,15.1,0
354,92.59,urban,clear,22,5.54,0
363,46.26,residential,rain,22,10.92,1
55,78.5,urban,night,9,2.28,1
326,73.6,highway,fog,19,3.6,1
33,84.83,urban,clear,24,6.01,0
273,77.74,highway,clear,16,4.58,0
309,48.93,urban,fog,26,4.21,0
326,52.75,residential,clear,17,10.15,0
81,78.59,urban,fog,10,1.95,0
327,98.58,highway,clear,19,2.15,1
42,33.72,urban,rain,29,1.42,1
189,84.91,urban,fog,25,6.15,0
171,101.79,urban,clear,15,3.84,0
115,74.94,highway,clear,18,9.47,1
8,89.0,highway,fog,30,5.76,0
282,63.94,residential,clear,23,3.1,0
122,75.61,school_zone,clear,15,2.71,1
242,45.58,residential,clear,8,4.37,0
150,31.11,urban,clear,28,1.7,1
136,96.86,school_zone,rain,30,10.31,1
324,58.3,highway,clear,2,3.69,0
34,68.89,highway,clear,0,1.18,0
269,50.27,residential,fog,3,11.75,1
273,49.8,highway,clear,11,4.42,0
139,74.52,residential,clear,4,7.6,0
96,63.41,school_zone,rain,27,3.14,1
1,85.56,urban,fog,28,12.03,1
342,87.05,highway,rain,5,2.39,1
346,84.42,highway,fog,25,3.84,0
88,82.77,residential,clear,4,0.8,0
11,109.56,school_zone,clear,24,11.83,1
44,56.65,urban,night,11,2.81,0
24,76.9,urban,fog,1,6.25,1
304,100.65,urban,rain,13,6.92,0
326,103.29,highway,clear,25,10.53,1
56,49.56,urban,clear,28,5.91,1
273,71.75,school_zone,clear,3,4.63,0
65,105.16,highway,fog,25,9.8,1
134,88.16,school_zone,fog,9,6.84,0
219,81.91,urban,clear,14,4.08,0
263,73.65,highway,clear,3,12.19,0
320,70.32,urban,clear,30,7.23,0
16,83.76,residential,clear,24,1.56,1
71,72.95,urban,rain,19,13.7,1
102,77.15,urban,rain,22,3.07,1
113,79.57,urban,clear,27,10.5,1
365,64.44,school_zone,rain,4,1.2,0
284,88.64,urban,night,7,9.75,0
117,136.28,highway,clear,1,1.66,0
355,42.46,school_zone,clear,15,5.79,0
182,84.48,school_zone,clear,15,7.08,0
183,62.8,urban,clear,0,4.15,0
158,89.55,urban,clear,20,5.06,0
52,78.93,urban,rain,0,2.02,1
341,93.24,urban,clear,24,9.05,1
5,101.51,highway,clear,21,6.02,1
63,81.85,urban,fog,25,2.38,1
84,100.64,urban,clear,3,6.2,0
102,31.11,urban,rain,26,6.34,0
48,109.81,highway,rain,16,5.25,1
6,85.5,urban,fog,26,0.32,1
248,99.56,highway,rain,21,3.68,0
354,53.6,urban,fog,20,8.96,0
44,61.38,residential,rain,0,7.37,0
108,80.92,highway,clear,21,7.21,1
185,77.66,urban,clear,13,5.99,1
339,83.66,urban,clear,26,9.69,1
254,99.69,urban,clear,21,3.06,0
280,42.7,urban,clear,2,2.52,0
212,97.48,urban,clear,27,16.04,1
152,78.17,residential,clear,1,2.79,0
73,73.92,highway,clear,9,1.51,1
316,48.58,urban,clear,6,4.09,0
294,88.06,highway,fog,30,5.4,0
9,29.72,urban,rain,4,9.73,1
261,90.97,residential,fog,26,3.69,1
30,48.16,urban,clear,6,3.67,0
270,79.07,school_zone,fog,20,5.03,0
302,75.62,school_zone,fog,2,3.19,0
47,101.39,urban,clear,12,1.22,1
158,74.43,urban,night,19,1.63,0
45,64.12,urban,clear,22,11.58,1
207,67.87,residential,rain,27,8.33,0
339,103.46,highway,fog,25,4.89,1
29,88.73,highway,clear,16,7.35,1
145,70.29,school_zone,rain,9,8.51,1
356,73.27,school_zone,clear,8,2.92,0
110,46.66,highway,clear,30,2.0,1
48,85.77,highway,clear,18,10.77,1
178,42.8,school_zone,clear,28,0.45,0
186,93.04,urban,clear,13,7.44,1
242,80.57,residential,rain,15,5.73,0
114,125.74,urban,clear,25,10.05,1
349,56.0,urban,clear,22,7.63,0
190,75.95,school_zone,rain,6,7.32,0
104,113.97,urban,clear,16,2.2,0
351,101.83,urban,clear,6,8.73,0
338,64.08,urban,fog,23,6.79,1
182,82.48,highway,night,0,2.47,1
9,78.04,school_zone,clear,25,5.77,1
218,83.64,urban,clear,28,1.79,0
203,64.03,urban,fog,0,4.38,0
54,76.21,highway,fog,19,20.44,1
232,46.04,residential,clear,2,2.09,1
307,80.7,urban,clear,11,1.2,0
38,87.0,residential,clear,10,1.65,1
264,73.45,residential,rain,16,4.33,0
51,45.7,urban,night,28,8.03,1
274,97.77,school_zone,rain,14,5.14,1
153,85.29,highway,clear,12,1.39,0
2,63.48,highway,rain,2,7.96,1
353,72.39,urban,fog,27,0.69,0
60,47.99,school_zone,clear,9,1.56,0
218,57.49,school_zone,fog,14,3.08,0
66,67.24,school_zone,clear,2,10.51,1
341,102.57,residential,clear,8,5.3,0
270,65.21,highway,rain,17,5.46,1
294,90.8,school_zone,clear,27,1.42,1
158,67.23,residential,night,10,3.34,1
171,82.96,urban,clear,17,9.48,0
232,75.17,urban,clear,27,6.48,1
287,95.46,urban,clear,11,8.17,1
309,67.3,residential,clear,9,4.87,0
6,46.55,urban,clear,1,9.55,0
242,50.36,school_zone,rain,28,1.41,0
39,67.36,urban,clear,3,4.24,0
105,53.02,urban,clear,6,7.2,0
303,86.2,highway,rain,4,0.97,1
91,68.68,urban,clear,21,0.21,1
291,125.49,residential,rain,11,16.05,0
169,43.25,urban,clear,21,5.36,0
85,82.07,residential,clear,18,0.86,0
122,55.44,urban,rain,0,5.25,1
194,68.13,residential,fog,9,1.58,1
280,80.83,highway,fog,0,2.2,1
221,31.49,urban,clear,2,10.76,0
341,82.74,urban,clear,14,3.14,0
317,116.06,urban,rain,8,3.12,0
275,68.93,highway,rain,2,1.53,1
220,83.2,school_zone,rain,12,3.73,1
106,98.5,urban,rain,14,5.62,1
151,74.72,urban,fog,30,3.14,0
43,66.38,highway,clear,20,18.89,1
136,32.49,highway,rain,12,1.93,0
339,90.82,highway,clear,14,1.92,0
155,75.74,highway,clear,2,3.61,1
41,57.75,school_zone,rain,11,17.41,1
238,80.53,residential,clear,18,8.26,0
352,66.33,urban,clear,0,3.05,1
317,67.43,urban,fog,28,3.05,0
100,90.13,urban,fog,15,1.86,1
166,51.23,highway,clear,24,3.52,0
194,98.95,urban,night,8,4.15,0
90,50.05,residential,clear,25,7.99,1
98,64.75,highway,fog,11,6.82,0
86,116.46,highway,clear,28,3.43,0
364,100.55,school_zone,clear,16,13.25,0
273,79.95,urban,clear,19,2.7,1
307,59.19,school_zone,clear,6,1.18,1
298,67.41,urban,clear,30,5.83,0
351,79.47,highway,clear,5,10.22,1
38,78.75,residential,rain,1,4.72,1
322,76.18,school_zone,clear,13,1.47,1
24,77.38,residential,clear,25,5.47,1
174,73.71,urban,night,28,6.01,1
217,49.16,school_zone,rain,26,6.49,0
130,67.67,highway,night,17,5.56,0
53,96.29,highway,clear,28,11.17,0
70,50.63,urban,clear,15,1.81,0
301,74.21,urban,rain,14,0.08,0
116,61.6,highway,rain,5,0.69,0
113,80.23,urban,clear,24,1.44,0
337,70.23,school_zone,fog,9,9.0,1
52,107.55,school_zone,rain,6,3.73,0
334,88.13,residential,rain,11,13.96,0
337,51.76,urban,clear,18,1.69,1
219,91.42,residential,rain,8,13.77,0
60,62.51,urban,clear,11,2.22,0
57,66.46,highway,night,10,4.14,1
104,84.28,school_zone,clear,18,0.87,0
211,68.17,urban,clear,22,12.54,0
56,95.86,urban,clear,20,4.61,1
166,62.51,urban,rain,4,19.45,0
42,65.62,highway,night,10,10.55,1
197,64.87,school_zone,fog,20,4.06,0
7,66.69,urban,rain,6,2.56,1
259,99.98,urban,night,2,9.29,0
20,90.58,highway,rain,9,5.0,1
71,112.2,urban,clear,21,2.44,1
63,123.35,school_zone,rain,20,5.29,0
304,57.39,residential,clear,4,0.56,0
19,79.41,school_zone,clear,20,6.58,1
157,54.48,residential,clear,6,7.54,0
216,62.45,highway,clear,22,1.63,0
188,65.4,school_zone,night,17,11.37,1
249,56.86,urban,night,3,9.75,0
293,56.96,urban,clear,10,6.14,0
144,75.11,highway,rain,25,2.07,1
303,53.67,urban,clear,13,7.87,0
116,94.84,residential,clear,21,3.57,0
360,59.64,highway,clear,23,5.67,0
184,134.19,residential,clear,0,8.42,0
269,68.97,urban,clear,28,1.2,0
320,79.44,highway,clear,10,0.83,0
290,52.09,school_zone,clear,24,3.28,0
311,112.12,urban,clear,14,17.28,1
196,100.39,highway,night,17,19.99,1
15,83.94,highway,clear,11,6.47,0
180,51.06,residential,clear,26,9.94,0
66,82.21,school_zone,clear,3,4.77,0
325,55.57,urban,clear,27,5.29,1
86,107.25,highway,clear,6,4.14,0
83,94.18,highway,clear,27,10.8,1
91,79.91,urban,rain,0,14.07,1
235,29.27,urban,rain,0,5.2,0
209,58.33,urban,rain,2,5.27,1
347,91.76,urban,rain,16,4.32,0
152,102.26,highway,clear,8,14.31,0
103,100.18,urban,clear,18,9.08,1
18,46.16,highway,clear,25,2.02,1
2,84.03,urban,clear,0,16.93,0
136,98.31,school_zone,clear,16,0.3,1
338,44.83,urban,clear,22,13.35,0
191,77.84,residential,rain,13,10.2,0
327,83.48,urban,clear,28,5.21,1
37,71.98,highway,clear,20,5.11,1
34,40.96,urban,rain,1,4.49,0
305,71.49,urban,clear,16,2.12,1
39,71.45,highway,fog,11,16.03,0
19,75.04,school_zone,night,4,4.99,1
147,66.73,residential,night,29,2.08,0
338,69.14,urban,clear,6,15.38,0
252,77.21,urban,clear,2,7.02,0
36,86.85,school_zone,rain,6,7.33,1
306,71.91,highway,rain,25,17.76,1
308,69.81,urban,rain,18,8.09,1
293,79.85,school_zone,clear,25,2.93,0
330,39.58,highway,clear,14,8.08,1
87,87.54,highway,clear,3,2.3,1
358,77.99,urban,clear,12,3.43,0
117,78.79,urban,clear,6,6.32,0
293,97.21,urban,night,17,9.83,1
212,38.94,school_zone,clear,8,3.08,1
285,38.52,urban,rain,30,4.39,0
229,83.48,school_zone,night,11,4.35,1
235,77.86,school_zone,clear,9,11.05,0
225,81.4,school_zone,clear,30,5.1,1
285,68.76,urban,rain,16,16.78,0
270,91.29,urban,clear,5,3.43,0
49,96.65,highway,clear,14,3.2,0
302,87.68,highway,fog,7,13.19,0
196,72.78,residential,rain,22,7.61,0
118,35.85,urban,fog,17,12.85,1
188,93.38,residential,night,22,1.57,0
353,102.43,urban,clear,29,5.01,1
313,90.89,urban,rain,22,6.31,0
305,60.41,urban,rain,10,5.98,0
169,91.48,school_zone,rain,6,4.45,1
286,95.21,urban,rain,16,5.89,1
140,109.18,urban,rain,13,6.13,1
251,60.48,school_zone,fog,9,3.12,0
234,73.47,highway,clear,25,10.74,0
91,92.95,urban,rain,28,15.5,1
97,79.15,urban,clear,11,8.58,1
22,55.65,highway,rain,21,6.86,1
51,86.29,urban,fog,30,4.76,0
158,89.57,urban,fog,0,6.27,1
174,79.76,highway,clear,11,6.75,0
60,82.39,urban,clear,22,2.13,0
152,72.83,highway,clear,15,10.37,0
221,107.57,urban,clear,24,3.63,0
85,59.99,urban,clear,14,13.67,0
123,66.25,urban,night,1,5.74,0
134,78.22,urban,clear,13,10.5,1
184,95.58,urban,night,12,8.49,0
134,48.05,urban,clear,26,1.59,0
269,51.79,residential,rain,4,12.85,1
119,37.25,school_zone,rain,4,2.68,1
158,78.65,urban,rain,4,3.43,0
138,55.63,highway,rain,17,3.69,1
66,70.31,highway,rain,30,1.05,1
250,91.23,school_zone,night,19,5.95,0
86,65.17,urban,rain,25,10.96,0
108,82.63,urban,clear,26,13.44,1
290,72.01,urban,clear,18,4.45,0
347,91.44,urban,rain,18,5.07,0
245,87.5,urban,clear,7,8.91,1
335,64.16,residential,clear,29,4.55,1
312,74.63,residential,rain,24,11.65,0
176,98.87,urban,clear,27,4.88,1
281,85.87,highway,fog,30,2.36,0
120,50.06,urban,rain,10,6.06,0
168,91.11,highway,rain,4,1.28,1
195,56.31,highway,rain,26,6.0,0
351,106.25,urban,fog,14,6.88,1
310,98.48,school_zone,rain,29,2.69,1
179,83.8,residential,night,21,6.68,0
238,81.14,highway,clear,7,4.12,1
74,73.82,highway,rain,10,2.59,0
294,91.57,highway,rain,18,1.1,1
202,70.58,urban,clear,12,1.43,0
194,82.71,urban,clear,8,14.62,1
280,95.44,highway,rain,6,3.98,0
231,66.76,urban,clear,20,6.75,0
26,65.68,school_zone,night,1,4.42,0
105,54.11,urban,clear,2,14.86,0
64,56.71,urban,clear,1,2.6,0
268,41.43,urban,rain,22,5.41,1
12,92.6,residential,clear,0,3.41,0
74,114.18,urban,clear,13,10.42,0
218,106.51,urban,rain,3,6.7,0
254,45.48,urban,clear,18,5.26,1
184,92.5,highway,clear,1,1.64,1
315,106.44,residential,rain,0,19.38,0
336,68.86,urban,rain,12,4.52,1
48,80.03,residential,fog,21,2.23,0
348,37.84,urban,clear,3,1.1,0
224,83.33,highway,clear,15,1.39,1
232,56.73,urban,night,25,5.22,1
34,81.99,highway,rain,19,10.53,1
227,46.78,highway,clear,23,6.38,0
265,88.86,highway,fog,9,1.17,1
212,98.49,urban,clear,29,5.21,0
30,62.34,school_zone,fog,4,12.77,0
191,55.26,residential,rain,18,3.87,1
342,34.88,highway,night,13,6.39,0
264,72.67,highway,night,0,4.01,1
50,66.37,school_zone,clear,29,7.46,1
351,46.98,urban,fog,21,2.57,0
350,87.06,residential,clear,7,0.05,0
61,69.0,urban,rain,1,1.74,0
293,56.49,school_zone,rain,20,3.48,1
148,66.91,urban,clear,16,4.81,1
217,99.43,urban,clear,1,3.6,1
162,90.06,highway,clear,30,3.54,1
286,75.4,highway,clear,22,10.6,0
364,90.38,residential,clear,14,2.02,0
291,54.78,residential,night,7,5.24,0
340,78.65,urban,clear,8,1.26,0
346,80.95,urban,fog,13,8.58,0
32,68.6,urban,fog,1,6.25,1
92,86.71,highway,rain,11,19.13,0
264,62.39,highway,clear,6,1.95,1
215,88.2,residential,fog,3,15.35,0
18,89.04,school_zone,rain,3,2.21,1
34,19.66,urban,rain,10,3.85,0
190,101.81,highway,night,11,1.49,0
225,17.05,highway,rain,10,18.97,0
61,65.68,highway,clear,21,6.97,0
62,98.51,urban,fog,16,7.03,0
47,71.65,urban,clear,5,2.4,0
206,48.68,urban,fog,30,0.35,0
2,56.13,urban,clear,22,3.72,0
209,98.54,school_zone,clear,14,3.15,0
174,39.57,urban,clear,1,0.74,1
170,100.58,highway,clear,28,3.93,1
248,76.9,highway,night,23,5.25,0
191,54.15,residential,clear,14,7.33,1
266,66.34,urban,rain,5,0.43,0
279,57.66,urban,clear,3,1.58,0
336,95.32,urban,night,8,2.48,0
292,92.65,urban,clear,7,10.92,0
189,43.62,urban,clear,6,10.78,0
180,69.93,school_zone,clear,12,6.7,1
86,60.74,urban,rain,1,3.87,1
219,103.87,urban,night,10,11.39,1
50,51.0,urban,night,27,6.1,1
340,110.08,school_zone,clear,26,10.96,1
309,77.33,residential,clear,0,6.93,0
43,54.76,school_zone,clear,21,0.88,1
287,64.45,highway,clear,30,0.35,0
42,61.97,school_zone,rain,17,3.55,0
263,52.51,highway,clear,12,9.34,0
32,79.9,urban,rain,15,3.12,1
178,53.44,highway,fog,6,12.93,1
240,34.39,school_zone,clear,12,8.75,0
266,70.41,urban,clear,29,12.16,0
153,41.94,highway,clear,18,3.63,0
337,62.96,highway,clear,13,2.09,0
283,59.82,highway,clear,3,1.8,0
76,60.58,urban,rain,28,7.42,1
245,118.02,highway,clear,5,0.97,1
267,79.13,residential,rain,22,1.05,0
122,82.91,urban,fog,9,2.96,0
270,42.47,urban,night,8,5.93,0
328,64.92,urban,rain,5,2.52,0
299,82.31,urban,clear,11,10.79,0
279,57.51,residential,clear,20,12.28,1
232,96.16,highway,clear,12,0.16,0
99,53.95,urban,night,0,7.03,0
291,72.27,urban,night,8,3.13,0
133,66.28,residential,clear,4,9.64,0
194,81.29,urban,clear,12,7.2,0
115,65.19,school_zone,clear,27,5.71,0
114,72.58,urban,clear,29,4.51,0
57,73.28,urban,night,30,1.05,1
351,63.31,highway,clear,3,20.99,0
54,87.7,urban,clear,15,1.56,1
31,82.77,highway,clear,1,15.46,1
342,76.23,urban,clear,15,8.24,0
203,69.39,school_zone,clear,17,3.27,1
160,93.93,school_zone,fog,23,2.86,0
269,73.28,school_zone,clear,10,1.0,0
140,71.87,urban,rain,1,5.15,1
46,80.09,school_zone,clear,14,0.95,0
267,111.93,residential,clear,13,11.23,0
64,51.19,urban,clear,19,6.16,1
202,93.4,urban,clear,3,4.89,0
347,40.14,school_zone,clear,19,5.4,0
342,82.35,urban,clear,12,6.35,0
132,109.5,highway,fog,22,3.79,0
285,87.77,school_zone,rain,30,4.22,1
224,81.41,urban,night,7,16.59,0
175,66.79,highway,clear,23,10.46,0
51,78.62,highway,rain,3,7.99,0
137,72.96,urban,rain,30,3.27,0
238,62.28,residential,clear,14,0.59,0
361,72.2,urban,clear,23,7.33,1
1,81.97,urban,clear,24,5.38,1
262,62.66,school_zone,fog,18,4.15,0
309,61.87,urban,clear,11,4.7,0
348,50.8,school_zone,clear,23,1.66,0
155,85.81,urban,night,14,2.18,0
43,88.91,highway,clear,20,10.48,1
99,82.63,urban,night,19,0.4,0
311,97.3,highway,fog,14,9.45,0
321,79.76,school_zone,fog,3,13.33,0
233,85.84,school_zone,fog,9,7.21,0
44,84.08,residential,clear,29,6.95,1
44,76.17,highway,rain,16,2.17,0
175,67.38,school_zone,fog,19,2.49,0
215,122.28,highway,rain,8,3.51,1
11,68.96,residential,clear,21,1.32,1
251,64.68,highway,clear,15,2.32,0
199,86.68,residential,clear,6,5.37,1
4,83.04,urban,clear,4,3.33,0
35,49.9,highway,rain,12,5.74,0
166,100.45,school_zone,fog,17,10.45,1
264,76.12,urban,fog,8,5.71,0
302,55.78,urban,rain,7,7.01,0
157,101.78,residential,clear,8,0.94,0
108,90.51,urban,clear,9,10.32,0
354,52.71,urban,clear,22,0.91,0
167,113.54,urban,clear,15,3.13,0
115,91.18,urban,clear,14,1.75,1
161,77.8,highway,clear,5,0.6,0
4,109.8,residential,clear,16,5.48,1
110,81.19,residential,rain,29,7.47,0
188,77.44,highway,clear,23,13.57,1
336,64.79,highway,clear,13,6.1,0
270,89.64,urban,clear,9,2.3,1
285,87.53,residential,rain,10,3.26,0
199,78.29,urban,rain,0,0.72,0
40,62.2,urban,clear,0,3.57,0
143,80.6,residential,clear,24,4.83,1
364,76.6,residential,night,26,7.23,1
16,51.33,urban,rain,30,8.71,1
321,48.56,highway,rain,19,7.06,1
250,89.3,highway,clear,28,2.08,1
103,25.96,urban,fog,12,1.54,1
284,82.11,urban,fog,7,8.27,1
306,68.44,urban,clear,7,0.57,0
15,104.16,highway,rain,7,18.14,0
38,68.13,urban,clear,23,2.51,0
243,91.19,highway,rain,0,11.33,1
365,70.06,urban,clear,29,2.95,1
8,80.27,residential,clear,24,7.6,1
243,92.74,highway,night,11,1.6,0
49,68.75,residential,fog,21,5.07,0
237,97.93,urban,clear,4,0.79,1
228,58.13,highway,night,13,6.35,0
33,83.89,school_zone,clear,3,1.57,0
249,96.45,urban,clear,3,1.84,0
328,91.2,urban,fog,0,3.41,1
316,116.33,urban,clear,24,4.04,1
10,62.73,urban,clear,23,7.24,1
90,50.42,urban,rain,27,6.72,1
88,58.11,urban,clear,30,5.49,1
165,91.21,urban,clear,29,9.42,0
52,87.96,highway,clear,30,6.58,1
312,80.05,urban,rain,0,6.94,0
284,55.54,urban,clear,24,1.82,0
295,93.34,highway,clear,22,9.94,1
72,53.51,urban,rain,5,9.09,1
5,101.18,urban,clear,4,5.7,0
333,135.15,urban,clear,30,8.86,1
105,85.33,urban,rain,27,4.76,0
240,89.66,highway,fog,10,14.04,1
332,68.14,urban,clear,2,5.3,0
13,41.8,urban,fog,10,4.63,1
2,65.95,residential,rain,0,6.61,1
1,56.14,residential,clear,21,16.07,0
57,49.06,urban,fog,11,3.03,0
18,112.45,urban,rain,1,6.29,0
300,83.46,highway,rain,30,3.23,0
221,85.59,school_zone,rain,25,4.63,0
358,71.82,school_zone,rain,28,2.3,1
293,74.54,urban,night,30,6.8,1
352,97.29,urban,rain,0,4.96,0
87,77.35,urban,fog,24,8.72,1
105,88.61,residential,rain,24,10.49,1
310,74.08,residential,fog,24,11.62,0
89,71.16,urban,night,8,3.34,0
20,49.86,highway,clear,12,6.62,0
244,38.45,urban,clear,28,12.14,1
293,72.77,highway,rain,2,2.28,1
354,79.13,residential,clear,19,5.39,0
339,52.28,highway,rain,24,2.42,0
44,77.31,urban,fog,24,15.92,1
282,79.08,highway,night,18,12.05,0
309,34.88,urban,clear,23,7.48,0
255,59.7,school_zone,rain,28,7.4,1
300,86.15,urban,clear,23,2.64,1
306,85.74,residential,clear,3,13.04,0
163,54.93,urban,clear,7,3.88,0
14,81.17,urban,clear,9,2.88,0
166,98.45,urban,clear,10,10.89,0
73,93.54,urban,rain,11,3.58,1
41,76.09,urban,rain,6,2.99,0
45,68.64,highway,clear,21,9.09,0
255,65.41,urban,clear,3,1.68,0
184,87.36,urban,clear,24,7.55,0
197,81.9,urban,night,20,5.43,1
272,90.59,urban,night,29,8.55,1
200,80.64,residential,clear,0,6.95,0
230,94.38,residential,clear,9,22.85,0
31,79.89,urban,clear,27,5.83,1
311,93.69,school_zone,rain,15,3.57,0
164,95.42,school_zone,clear,17,4.98,1
56,61.91,residential,clear,0,6.9,1
297,41.84,urban,clear,23,15.32,0
268,108.87,urban,clear,7,7.91,0
19,83.13,highway,clear,29,2.52,0
70,43.71,residential,clear,11,44.47,1
5,63.72,school_zone,rain,5,10.19,1
99,93.44,highway,clear,18,2.38,1
36,72.41,urban,clear,14,1.83,1
259,67.76,school_zone,rain,14,1.51,1
191,106.02,residential,clear,29,4.78,0
358,57.05,urban,fog,11,4.94,0
274,62.04,highway,night,12,2.83,0
223,82.23,urban,clear,19,1.29,0
186,85.81,highway,fog,5,1.87,0
19,87.93,highway,rain,25,8.02,1
25,96.22,school_zone,rain,7,3.94,1
225,81.97,residential,clear,7,2.08,0
1,87.79,urban,clear,0,5.42,1
15,72.82,urban,clear,10,6.23,1
80,79.25,urban,night,18,6.75,0
323,80.15,urban,rain,21,5.26,0
167,82.3,urban,clear,27,4.65,0
259,93.45,urban,clear,24,11.53,0
150,89.1,urban,clear,9,1.95,0
63,78.88,urban,clear,25,4.18,1
135,61.82,urban,rain,6,0.69,0
33,79.35,school_zone,clear,6,3.74,1
281,77.44,urban,fog,11,5.72,1
67,81.86,highway,rain,16,9.02,0
137,122.13,residential,rain,6,0.72,0
358,67.52,highway,fog,27,5.59,1
216,86.45,urban,clear,8,16.87,0
167,99.37,urban,rain,12,7.13,0
198,79.96,highway,rain,18,1.62,1
286,124.76,highway,clear,13,3.75,1
93,70.44,urban,clear,12,7.3,1
232,84.48,urban,clear,30,2.94,1
319,62.02,highway,clear,13,6.09,0
209,70.97,urban,clear,3,5.82,0
163,82.98,highway,clear,22,4.73,1
53,94.93,urban,rain,21,1.45,0
90,84.38,urban,clear,6,2.67,0
346,103.18,school_zone,clear,26,18.02,1
198,76.1,urban,clear,12,3.55,0
110,71.36,highway,clear,4,3.91,1
153,132.08,urban,night,5,3.9,1
211,85.88,urban,clear,22,8.87,1
196,63.61,residential,clear,6,4.08,0
256,64.11,urban,clear,14,4.81,1
94,59.15,urban,clear,22,5.59,1
237,96.73,residential,rain,26,9.58,1
162,70.71,school_zone,fog,15,4.83,0
344,80.55,highway,clear,28,5.25,1
57,76.73,urban,rain,9,3.07,1
54,92.63,urban,clear,27,6.2,1
168,61.07,highway,fog,7,7.56,0
186,56.49,urban,rain,1,7.94,0
252,82.49,urban,clear,22,16.19,1
147,90.02,school_zone,rain,23,2.5,1
334,84.65,urban,fog,28,4.99,0
173,61.81,urban,clear,28,4.1,1
47,91.55,urban,night,3,14.27,0
43,63.12,urban,fog,19,8.16,1
356,67.57,highway,clear,21,1.04,0
49,59.12,residential,fog,18,2.85,0
346,104.02,urban,rain,0,3.71,0
101,90.67,urban,clear,1,1.21,1
34,90.1,highway,clear,20,5.28,0
111,102.94,urban,fog,26,3.18,0
224,134.25,highway,rain,5,16.67,1
156,43.82,residential,clear,1,6.16,0
287,63.23,highway,clear,12,3.59,0
223,65.68,urban,clear,9,2.07,0
146,60.98,residential,night,30,4.66,1
232,56.45,urban,rain,28,13.45,1
355,72.01,residential,clear,17,4.14,0
150,53.67,highway,fog,29,4.69,0
56,84.7,highway,fog,7,10.51,1
149,79.03,residential,clear,30,6.03,0
307,87.62,highway,clear,13,8.74,1
79,88.15,urban,rain,14,6.48,1
347,90.06,urban,clear,1,6.22,0
215,70.53,highway,clear,5,0.98,0
220,120.42,highway,rain,6,1.81,1
116,82.69,urban,night,15,5.56,1
336,40.75,school_zone,clear,5,2.25,0
13,57.95,highway,fog,3,4.66,1
109,43.19,urban,night,18,1.65,1
153,78.35,urban,clear,27,10.57,0
174,75.56,urban,clear,2,2.5,1
173,68.63,urban,rain,17,2.07,1
54,118.22,urban,fog,29,1.3,1
82,88.98,urban,clear,12,7.87,1
34,92.52,urban,rain,5,4.66,0
209,59.38,urban,rain,2,10.3,0
128,58.02,highway,rain,29,3.09,1
207,78.74,urban,rain,12,1.76,1
215,81.46,residential,clear,3,4.49,1
256,40.87,residential,clear,26,11.74,1
200,74.39,highway,clear,24,0.95,0
237,78.28,residential,night,21,5.93,0
214,73.7,residential,night,2,6.38,1
238,61.73,urban,fog,2,13.07,1
225,67.21,school_zone,clear,6,2.34,0
115,74.46,urban,rain,4,0.88,0
90,79.82,highway,clear,16,3.35,0
288,90.1,highway,clear,12,8.65,0
125,99.62,urban,clear,23,4.89,1
200,72.11,urban,fog,3,6.88,0
72,68.88,residential,clear,22,1.87,1
157,86.75,urban,rain,28,3.94,1
193,90.22,urban,night,4,5.04,0
229,69.32,urban,rain,20,1.11,1
192,93.81,highway,clear,15,5.01,1
132,97.59,school_zone,night,2,3.64,0
352,103.83,school_zone,rain,9,25.91,1
187,113.57,urban,clear,24,4.74,1
295,60.67,urban,rain,26,13.56,0
269,78.28,urban,fog,11,6.84,0
204,78.23,highway,clear,3,4.3,0
324,76.04,school_zone,clear,7,12.21,0
46,65.01,school_zone,clear,26,1.62,1
337,48.29,urban,clear,17,3.29,0
311,79.85,highway,fog,13,9.02,1
184,62.63,urban,clear,0,0.41,0
268,79.72,highway,clear,24,4.62,1
190,62.12,highway,clear,14,4.59,0
98,56.01,highway,clear,16,5.78,0
292,82.69,highway,clear,26,3.97,1
90,81.02,residential,rain,17,8.76,1
115,89.59,urban,clear,28,2.45,1
190,121.72,urban,clear,17,9.64,1
306,83.55,urban,fog,10,1.82,1
140,87.7,highway,night,28,6.13,1
180,56.45,highway,clear,19,11.23,1
15,52.26,highway,clear,23,2.26,0
42,109.66,school_zone,clear,7,2.79,0
20,59.53,urban,clear,20,9.87,1
26,57.12,highway,clear,17,5.48,0
317,77.22,school_zone,night,3,0.89,0
308,76.2,urban,rain,7,5.65,1
300,59.95,urban,clear,28,7.73,0
20,71.9,urban,night,17,10.16,1
28,102.59,urban,clear,24,6.02,0
102,61.88,school_zone,clear,5,7.01,0
206,50.13,residential,clear,6,14.48,1
122,96.85,highway,clear,29,9.21,1
178,87.85,urban,fog,13,3.86,0
63,65.59,highway,clear,27,4.27,0
267,46.36,school_zone,rain,25,10.92,0
114,63.11,urban,clear,10,5.93,1
24,76.91,school_zone,night,29,5.29,0
271,101.31,urban,rain,24,3.76,1
330,57.27,urban,clear,3,10.63,0
5,76.31,urban,clear,2,2.38,0
159,91.5,urban,night,3,3.3,0
302,30.37,residential,clear,22,10.61,0
258,98.68,urban,clear,4,10.52,0
313,54.35,urban,fog,8,20.5,1
151,84.64,urban,clear,13,4.63,0
136,82.93,urban,clear,4,3.8,1
259,99.69,urban,clear,10,4.13,0
56,89.02,urban,clear,21,1.02,1
87,30.45,highway,clear,30,0.51,1
219,62.3,urban,clear,14,6.0,0
244,80.76,school_zone,clear,23,3.57,1
43,74.1,urban,clear,16,2.54,1
186,87.55,school_zone,clear,14,5.23,1
133,93.79,school_zone,night,16,6.11,0
183,90.17,urban,rain,29,4.38,1
350,73.71,urban,clear,1,4.47,1
28,41.07,residential,clear,15,3.54,0
364,68.89,highway,rain,1,8.15,0
164,86.33,highway,clear,27,3.11,0
282,56.19,urban,clear,18,2.07,0
155,90.63,urban,rain,1,3.41,0
113,96.17,highway,clear,19,5.8,1
282,80.54,residential,fog,13,8.51,1
251,16.72,urban,fog,1,16.41,1
52,52.44,school_zone,fog,30,5.25,0
258,115.72,highway,clear,11,13.68,1
275,67.07,urban,clear,0,2.89,0
141,38.32,urban,clear,18,2.46,1
338,102.7,urban,fog,11,6.78,0
234,78.27,urban,night,20,7.53,0
122,100.1,highway,night,5,5.66,0
3,83.54,urban,clear,25,26.3,0
247,87.17,urban,fog,13,3.03,1
76,85.26,highway,clear,13,11.95,1
276,91.95,highway,fog,24,2.52,1
192,123.55,highway,clear,16,7.96,0
170,97.42,highway,clear,0,5.08,0
59,46.39,urban,clear,17,5.95,1
260,86.93,highway,night,20,6.83,1
60,100.83,urban,clear,9,5.22,0
152,102.05,urban,clear,5,4.46,0
306,69.47,urban,clear,1,0.78,0
336,101.3,highway,clear,26,9.47,1
362,96.55,highway,night,0,1.53,0
350,129.45,urban,clear,18,3.61,0
203,63.0,residential,clear,25,6.28,1
73,67.85,school_zone,fog,10,1.82,0
307,71.88,urban,clear,6,4.46,0
293,68.2,highway,clear,22,8.72,0
362,60.2,urban,clear,19,3.54,0
238,22.75,residential,clear,0,4.52,0
51,69.31,urban,clear,17,2.19,0
184,85.39,urban,clear,0,3.89,0
164,68.14,urban,clear,12,1.57,0
308,116.71,urban,rain,9,5.74,0
143,78.27,highway,fog,25,1.22,0
120,103.82,highway,fog,30,2.93,1
29,83.23,urban,clear,21,5.11,1
305,94.53,highway,clear,22,4.22,1
276,83.58,residential,night,0,6.54,0
15,105.38,school_zone,fog,1,4.53,0
158,79.12,highway,clear,24,0.78,1
175,87.92,urban,clear,13,1.79,1
171,85.33,urban,clear,15,4.93,1
336,72.23,residential,clear,21,10.37,1
55,86.1,school_zone,clear,10,9.13,0
112,122.69,highway,clear,21,25.84,0
66,72.59,residential,night,22,3.22,0
89,86.39,urban,rain,7,8.52,0
331,103.16,highway,rain,21,8.1,1
344,100.81,urban,clear,5,14.03,0
16,78.23,urban,fog,9,11.54,0
231,30.33,highway,rain,24,6.06,1
85,88.33,urban,clear,30,7.56,1
70,33.61,residential,rain,2,6.56,1
106,107.4,urban,rain,20,4.78,0
71,81.39,school_zone,fog,17,7.17,1
179,97.99,school_zone,clear,18,5.61,0
364,59.96,highway,fog,24,5.43,0
214,46.95,residential,clear,2,14.47,0
264,83.22,urban,clear,22,6.15,1
180,77.33,urban,clear,8,5.25,0
5,68.17,urban,clear,4,4.33,0
30,79.69,urban,clear,13,4.04,1
98,133.35,residential,clear,0,1.74,0
89,94.69,highway,rain,19,4.79,1
307,98.99,urban,clear,17,10.74,1
308,94.88,urban,night,15,3.14,1
312,107.59,highway,clear,0,0.44,0
233,74.2,school_zone,rain,23,6.98,1
203,36.9,urban,night,1,5.76,0
237,74.23,school_zone,fog,8,14.3,1
148,94.23,highway,rain,12,2.86,0
245,58.6,school_zone,rain,21,1.55,0
290,74.47,urban,clear,12,4.15,0
279,64.16,highway,clear,25,3.64,1
224,108.04,urban,clear,28,1.01,1
21,92.99,urban,clear,23,5.29,1
265,91.03,school_zone,clear,1,3.4,0
134,90.43,highway,clear,23,12.55,1
272,77.26,urban,night,6,5.35,0
197,81.95,residential,fog,27,2.56,0
322,54.3,urban,fog,30,4.85,1
123,34.27,highway,rain,2,5.68,0
340,81.0,residential,clear,3,7.47,0
309,84.48,highway,clear,21,5.04,0
121,102.19,school_zone,rain,4,18.13,1
176,109.43,highway,rain,30,1.69,0
194,109.4,school_zone,clear,16,3.35,0
281,58.04,highway,clear,17,2.57,0
252,70.95,highway,clear,26,3.78,1
311,87.61,urban,clear,6,6.2,0
135,128.64,school_zone,clear,17,5.89,1
184,107.6,urban,clear,30,7.34,0
157,100.39,residential,rain,0,5.33,0
332,70.24,urban,night,5,5.57,0
111,60.34,urban,clear,4,5.41,1
214,93.78,residential,rain,10,3.5,0
43,55.99,urban,fog,4,3.29,0
311,73.23,urban,clear,5,2.52,0
140,75.7,school_zone,rain,26,7.62,1
124,109.86,urban,clear,14,0.56,1
213,70.91,urban,rain,11,5.48,0
182,29.22,highway,clear,12,8.63,0
310,88.09,urban,night,30,10.24,1
194,64.02,urban,night,15,0.36,1
189,78.85,urban,clear,14,3.59,1
38,76.27,urban,clear,28,2.65,1
8,72.53,urban,clear,1,3.35,1
145,93.81,urban,fog,14,11.72,0
365,47.34,highway,rain,23,2.67,0
335,67.66,highway,clear,15,8.62,0
230,91.68,urban,fog,26,5.54,1
230,65.72,urban,clear,27,3.23,1
143,45.82,residential,clear,10,2.96,1
64,91.37,highway,clear,25,5.97,1
3,100.46,urban,clear,7,4.66,0
124,77.1,highway,clear,7,0.93,0
115,38.78,urban,clear,30,2.15,1
70,92.12,school_zone,clear,0,6.08,0
94,44.8,residential,night,10,1.61,0
9,84.18,residential,clear,19,9.48,1
222,60.25,urban,night,12,1.19,0
339,54.8,urban,rain,26,3.98,0
252,69.16,urban,fog,7,7.79,1
164,74.33,urban,clear,17,1.99,1
153,65.12,urban,fog,3,1.51,0
112,89.77,highway,clear,6,6.82,1
52,69.08,urban,clear,5,8.81,0
219,97.6,residential,clear,22,4.2,1
207,83.62,urban,clear,6,3.51,0
2,64.05,urban,night,20,1.14,1
152,60.68,residential,night,10,5.17,0
101,45.05,school_zone,fog,17,0.77,0
62,83.81,urban,clear,27,11.83,0
257,70.91,highway,fog,26,4.37,1
192,30.56,urban,rain,0,2.19,1
231,67.29,urban,clear,24,2.94,1
261,59.98,highway,clear,29,5.47,1
359,109.51,urban,rain,20,3.36,0
293,43.94,highway,clear,5,4.82,0
227,49.17,urban,clear,20,1.91,0
321,100.2,highway,rain,19,10.38,1
174,105.14,school_zone,clear,20,2.99,1
360,63.1,urban,clear,13,0.52,0
278,65.36,urban,clear,16,3.6,1
238,90.32,urban,rain,20,2.62,1
330,31.46,school_zone,night,14,9.91,1
188,40.78,highway,fog,23,2.2,0
263,72.39,school_zone,rain,21,3.32,1
104,109.0,urban,rain,9,5.58,1
352,69.29,urban,rain,18,7.38,1
228,80.02,highway,clear,23,12.36,1
286,100.68,urban,clear,15,2.36,0
168,120.14,school_zone,rain,22,11.45,0
317,66.46,urban,rain,3,9.65,0
27,77.66,urban,clear,11,2.58,1
41,114.44,highway,fog,21,2.32,1
185,47.56,highway,rain,27,6.49,0
268,98.55,highway,clear,20,4.73,0
296,57.63,urban,clear,20,6.48,0
161,80.05,residential,clear,10,3.7,0
237,73.15,school_zone,clear,21,5.1,0
202,58.84,residential,clear,11,4.39,0
351,58.34,highway,clear,1,6.41,0
239,83.53,highway,clear,7,2.25,0
152,97.91,highway,clear,18,5.39,0
354,75.41,urban,fog,29,12.19,1
39,79.4,urban,fog,15,11.73,1
360,89.42,highway,clear,26,5.86,1
56,58.57,urban,clear,24,2.21,1
105,92.79,urban,clear,17,16.19,0
300,94.39,residential,clear,24,6.42,0
268,130.07,urban,clear,12,15.14,1
355,70.48,highway,clear,13,6.61,0
274,68.84,highway,clear,22,0.3,1
233,93.38,urban,night,19,16.12,1
126,94.38,residential,clear,16,8.73,0
1,67.3,urban,fog,13,4.95,1
45,69.94,residential,clear,30,0.86,1
108,88.82,school_zone,clear,2,9.4,0
14,61.45,urban,night,1,6.56,0
185,69.79,urban,clear,14,19.2,0
284,79.79,urban,rain,1,14.15,0
352,97.92,urban,night,10,14.85,1
179,65.91,urban,rain,17,5.75,1
320,41.15,residential,clear,12,5.56,0
360,39.67,urban,clear,6,6.62,0
314,52.81,school_zone,clear,8,2.83,0
170,51.74,urban,clear,18,5.06,1
119,74.91,residential,clear,29,4.31,0
357,54.22,urban,fog,24,11.23,1
88,63.94,urban,rain,16,12.81,0
150,62.52,highway,clear,4,7.96,0
27,69.19,urban,clear,7,2.44,0
290,104.45,school_zone,rain,13,16.8,1
237,91.24,urban,night,7,9.37,0
31,78.32,highway,clear,21,6.29,1
81,68.78,highway,clear,11,7.43,0
203,69.34,highway,fog,25,1.38,0
197,84.55,urban,fog,8,4.32,1
293,89.68,urban,night,15,11.89,1
97,59.85,urban,clear,22,1.31,1
338,78.73,urban,clear,6,1.27,0
162,37.37,urban,clear,23,9.41,1
301,82.23,residential,clear,18,7.06,1
87,93.24,highway,fog,20,1.33,1
13,72.4,highway,clear,14,4.02,0
20,114.33,urban,rain,28,6.29,1
136,60.38,urban,night,23,5.75,0
348,82.35,highway,night,5,6.65,1
17,77.28,urban,rain,17,3.78,1
135,75.99,urban,night,28,5.97,0
39,75.71,highway,clear,8,7.95,0
340,80.14,highway,clear,16,7.52,1
247,94.96,residential,clear,23,3.87,1
279,105.55,urban,night,8,8.47,0
261,77.95,highway,night,16,2.2,0
240,94.31,urban,clear,17,2.94,1
283,63.96,urban,clear,5,9.4,1
2,93.32,school_zone,clear,5,8.35,0
316,62.76,urban,clear,17,4.16,1
270,99.81,highway,fog,5,2.89,0
270,122.21,urban,clear,29,3.22,1
143,75.56,urban,fog,16,7.7,0
293,34.15,residential,rain,21,6.71,0
139,67.04,urban,clear,12,2.74,0
17,102.64,school_zone,clear,9,8.31,0
332,89.06,urban,night,15,4.01,0
85,82.98,residential,rain,22,2.26,1
37,98.17,urban,clear,12,3.5,0
227,87.69,urban,clear,8,5.36,1
85,102.35,school_zone,night,4,8.11,1
314,96.39,urban,fog,16,7.74,0
162,108.43,urban,fog,21,4.63,0
1,85.18,residential,rain,16,5.83,1
348,96.11,highway,fog,7,4.33,0
188,71.86,highway,clear,7,2.74,1
96,65.97,highway,rain,11,4.76,0
247,112.14,school_zone,clear,10,0.86,1
194,82.32,residential,rain,6,12.97,0
10,94.1,highway,night,29,5.72,1
278,80.47,urban,night,10,6.9,0
146,66.27,urban,clear,7,2.84,0
256,78.22,highway,rain,18,5.69,0
327,106.72,school_zone,fog,24,6.4,1
223,89.1,highway,night,14,4.17,0
245,43.77,urban,fog,20,4.34,1
93,73.7,urban,clear,2,1.6,0
86,113.65,highway,clear,16,15.79,1
151,73.72,school_zone,fog,2,2.81,0
312,41.99,urban,fog,4,3.12,0
191,115.86,highway,rain,18,13.52,1
127,91.65,school_zone,rain,6,7.13,1
285,76.6,residential,clear,1,8.15,1
312,70.57,urban,clear,5,1.5,0
330,99.65,residential,fog,23,5.64,1
109,67.16,highway,clear,18,1.51,0
259,100.97,school_zone,rain,11,2.47,0
216,88.84,urban,rain,30,17.3,1
164,82.89,highway,fog,11,2.09,0
145,80.91,highway,clear,27,7.89,1
41,74.5,urban,rain,10,2.27,0
100,98.91,urban,clear,0,2.52,0
201,60.69,highway,clear,3,24.27,0
324,45.56,highway,clear,8,4.65,0
317,90.29,urban,clear,5,1.39,1
68,90.62,urban,night,4,8.12,1
248,87.6,urban,night,11,11.33,0
31,86.15,residential,clear,30,8.64,1
247,71.59,residential,fog,6,4.34,0
125,93.75,urban,clear,7,4.46,1
164,77.09,urban,rain,30,3.28,1
262,68.26,urban,fog,6,1.87,0
155,71.76,highway,rain,25,6.31,0
295,118.41,residential,clear,19,4.18,0
195,43.3,highway,clear,28,1.54,1
365,88.0,urban,clear,17,4.74,1
233,44.42,urban,night,18,2.82,1
108,75.84,urban,rain,7,6.08,0
283,69.33,school_zone,clear,17,5.65,0
149,36.3,highway,clear,20,3.74,1
195,85.78,highway,night,30,4.91,1
50,70.4,urban,clear,3,5.23,0
43,36.02,residential,rain,4,9.4,0
210,94.79,urban,rain,0,4.77,0
68,106.7,school_zone,clear,24,3.34,0
365,107.8,residential,clear,2,4.04,1
313,85.18,highway,clear,28,15.02,0
256,78.92,residential,clear,11,2.34,0
268,104.56,urban,rain,8,4.24,0
217,111.65,highway,fog,30,4.19,1
22,100.67,urban,clear,22,4.33,1
143,59.17,highway,clear,16,1.81,0
181,82.03,urban,clear,27,4.02,0
334,86.79,urban,clear,23,3.21,0
80,41.81,urban,fog,19,6.06,1
181,87.39,urban,fog,9,10.32,0
125,123.46,highway,fog,30,6.4,0
49,90.8,highway,clear,22,5.37,0
37,107.47,urban,rain,29,6.85,1
133,81.66,residential,clear,29,5.74,1
30,76.54,residential,night,17,4.88,0
24,85.63,urban,rain,11,9.16,1
128,61.68,urban,night,29,3.93,1
73,58.72,highway,clear,30,1.79,0
203,103.33,school_zone,clear,3,3.12,1
6,105.45,urban,fog,19,2.8,1
110,58.18,school_zone,clear,18,17.71,0
165,97.36,urban,rain,23,10.73,1
352,76.26,urban,clear,30,5.42,0
232,84.8,school_zone,night,7,2.86,0
322,87.2,highway,clear,30,9.09,1
125,97.89,school_zone,night,19,5.27,1
164,79.65,urban,clear,2,3.94,1
153,106.2,urban,clear,15,5.3,0
324,84.19,urban,clear,4,4.02,0
351,90.48,urban,clear,29,6.79,1
352,61.33,urban,night,23,1.64,1
275,121.17,highway,night,28,6.76,1
184,87.4,highway,night,18,4.02,1
197,92.26,highway,night,12,9.23,1
358,45.84,urban,rain,13,10.9,1
104,61.55,urban,clear,29,12.48,1
126,102.76,highway,fog,4,18.56,0
328,83.74,urban,clear,27,12.2,1
141,39.72,residential,fog,13,9.04,0
86,98.77,urban,clear,18,1.86,1
205,67.12,highway,rain,20,0.45,0
119,106.23,residential,clear,2,9.88,0
326,76.24,highway,clear,4,2.46,0
332,82.09,highway,clear,4,27.02,0
111,101.58,highway,clear,24,1.24,0
193,60.05,urban,clear,2,8.78,0
360,58.14,highway,clear,18,5.72,0
271,74.07,residential,clear,3,1.39,0
78,94.54,residential,rain,23,5.7,1
216,51.38,urban,clear,30,2.73,1
226,44.64,urban,fog,12,4.66,0
239,94.47,school_zone,clear,6,4.71,0
9,65.94,highway,rain,13,2.76,0
109,70.16,urban,clear,21,3.75,1
312,40.86,urban,clear,22,2.54,0
88,64.42,urban,rain,19,0.89,0
109,77.85,highway,rain,18,5.36,1
118,96.61,urban,clear,19,12.15,1
64,62.58,urban,clear,6,2.67,0
56,111.15,urban,clear,6,16.28,0
127,64.31,residential,clear,28,18.51,1
319,64.34,urban,clear,17,3.5,1
0,108.75,urban,rain,26,4.18,1
103,82.23,highway,clear,19,3.56,0
22,66.96,urban,fog,14,1.89,0
205,74.9,residential,clear,17,4.2,1
91,105.06,residential,clear,21,3.84,0
289,107.32,urban,clear,5,5.29,0
214,61.66,urban,clear,14,5.5,1
286,77.15,urban,clear,22,1.76,1
232,79.8,urban,fog,2,7.6,0
160,58.28,urban,fog,2,4.16,0
315,76.89,urban,clear,4,2.08,0
174,78.11,urban,clear,18,4.09,0
347,100.8,highway,fog,7,5.66,0
364,102.15,urban,clear,13,13.68,0
215,71.42,urban,clear,4,12.25,0
246,73.72,highway,fog,7,3.27,0
93,91.29,urban,clear,0,4.38,0
298,66.3,urban,clear,25,2.48,0
245,89.77,urban,clear,14,6.34,0
330,76.24,urban,rain,5,3.42,0
97,58.61,urban,clear,16,4.27,1
288,58.86,school_zone,rain,28,10.12,0
172,106.94,residential,clear,25,1.75,1
67,74.87,urban,clear,27,12.27,1
62,110.81,urban,clear,12,6.79,1
205,67.73,school_zone,fog,11,11.89,0
116,83.82,highway,clear,9,8.43,0
37,125.85,urban,rain,9,9.51,0
156,56.85,urban,clear,28,5.1,0
238,40.04,urban,clear,4,2.04,0
116,103.73,highway,clear,26,3.07,0
349,61.46,urban,clear,28,2.6,0
285,77.59,urban,clear,26,0.68,1
187,66.28,urban,fog,19,10.1,0
342,83.36,urban,night,26,4.67,0
158,58.99,highway,fog,0,2.43,1
51,74.4,highway,rain,25,18.04,0
13,87.0,highway,clear,15,23.24,1
343,57.83,urban,rain,29,1.55,0
351,64.0,urban,clear,2,4.2,0
270,71.05,school_zone,fog,28,3.99,1
37,49.42,highway,fog,17,2.27,1
107,69.55,urban,clear,3,9.94,0
15,80.38,urban,night,15,0.69,1
18,70.01,school_zone,fog,1,15.07,0
90,72.57,school_zone,clear,2,5.26,1
209,77.6,residential,night,16,17.07,0
23,64.89,highway,clear,25,4.93,1
360,91.82,urban,clear,3,3.98,0
166,106.72,urban,clear,8,10.49,0
96,68.71,urban,rain,12,16.99,0
188,87.7,highway,clear,16,15.2,0
289,73.21,highway,night,0,1.06,0
114,85.31,urban,clear,19,12.63,1
17,109.32,residential,clear,15,3.82,0
18,88.17,urban,rain,29,4.55,0
311,42.53,urban,clear,9,3.76,0
40,87.08,urban,rain,15,3.07,1
232,102.66,residential,clear,2,4.23,0
140,73.57,residential,night,28,2.19,0
284,97.91,highway,rain,25,12.68,0
22,64.2,residential,clear,11,8.34,1
328,48.29,residential,clear,14,6.01,1
255,80.82,school_zone,clear,26,3.76,0
164,42.87,residential,night,9,3.24,0
75,73.2,urban,rain,7,6.99,1
357,103.74,school_zone,clear,7,6.16,0
110,39.8,highway,clear,21,10.99,0
179,52.41,school_zone,fog,6,3.29,0
144,57.36,urban,clear,2,3.03,1
84,76.73,school_zone,rain,5,8.1,1
152,70.69,residential,fog,30,9.33,1
55,105.98,urban,clear,27,22.1,1
0,97.09,residential,clear,29,1.0,1
106,87.91,urban,clear,8,13.16,0
41,80.91,urban,clear,13,5.64,0
151,85.86,urban,night,15,3.44,1
315,60.76,school_zone,rain,16,7.06,0
59,95.14,highway,fog,0,6.88,1
0,55.76,urban,clear,18,3.53,1
40,94.71,highway,clear,1,1.08,0
185,101.72,urban,rain,8,13.19,0
100,82.22,urban,clear,9,2.82,1
179,74.48,residential,clear,20,2.46,1
10,86.01,highway,clear,27,3.05,1
121,20.77,school_zone,rain,21,9.01,1
150,84.05,highway,rain,13,3.88,0
157,75.73,residential,clear,16,3.1,1
201,76.99,urban,fog,15,6.72,0
285,92.13,urban,clear,4,6.05,0
171,76.5,urban,clear,29,3.16,1
307,55.2,highway,clear,28,1.06,0
193,75.17,highway,fog,7,8.87,1
95,79.35,school_zone,clear,3,6.13,0
83,80.3,urban,clear,5,0.73,0
118,81.24,urban,clear,19,14.47,1
218,98.79,highway,rain,0,0.69,0
88,56.28,residential,fog,3,2.63,0
334,81.51,urban,clear,20,2.78,0
175,103.8,urban,night,4,3.19,0
315,43.31,urban,clear,2,3.11,0
250,81.59,urban,clear,0,1.69,0
122,66.29,urban,rain,21,5.71,0
83,70.59,urban,rain,11,9.92,0
272,59.9,highway,clear,8,5.65,0
121,74.61,urban,rain,19,6.38,0
90,114.83,urban,clear,5,3.95,0
340,52.71,urban,rain,16,5.49,0
176,54.61,residential,rain,14,6.73,1
17,51.96,urban,night,20,8.35,1
181,112.55,urban,clear,19,2.9,0
168,68.75,urban,rain,20,2.6,0
316,77.49,highway,rain,6,0.46,1
260,69.94,residential,clear,4,17.3,1
70,59.11,urban,clear,16,16.59,1
55,73.3,urban,night,1,4.81,0
220,127.16,urban,clear,14,5.02,0
17,105.84,highway,fog,19,13.78,1
116,60.94,residential,clear,25,1.74,1
50,90.95,urban,fog,20,2.37,0
7,61.37,urban,clear,30,14.36,1
336,42.47,school_zone,night,17,3.92,1
32,98.39,school_zone,rain,13,2.09,0
3,101.2,urban,clear,7,7.02,0
341,98.92,urban,rain,20,2.92,1
68,68.6,urban,rain,25,12.74,1
298,74.66,school_zone,clear,9,5.46,1
11,93.0,highway,clear,2,3.02,1
56,85.83,highway,rain,0,3.16,0
40,70.13,school_zone,rain,19,6.78,1
258,45.62,urban,clear,20,4.3,0
226,80.28,urban,fog,3,3.87,1
174,99.58,urban,clear,0,8.57,0
88,54.05,residential,clear,20,13.91,1
32,90.78,highway,rain,12,7.75,1
208,84.63,urban,clear,12,2.73,0
84,93.0,urban,clear,8,1.97,0
216,95.44,school_zone,clear,22,8.23,0
251,64.11,school_zone,clear,23,7.74,1
310,45.66,highway,clear,1,3.65,0
180,67.33,urban,rain,2,4.37,0
1,95.78,residential,clear,17,2.86,1
102,67.16,school_zone,fog,18,2.02,1
312,64.12,highway,rain,4,3.07,1
195,41.57,highway,clear,4,0.32,1
226,113.05,residential,clear,21,11.17,0
167,94.51,residential,fog,14,1.47,0
59,93.4,highway,clear,3,4.89,0
328,97.35,urban,clear,18,0.56,1
282,89.53,urban,fog,2,7.56,1
364,73.11,school_zone,rain,7,9.21,0
313,74.72,highway,rain,22,5.23,1
106,69.45,urban,clear,6,4.67,0
93,130.69,urban,clear,1,2.85,0
90,89.12,residential,clear,29,10.98,0
336,68.72,residential,rain,6,1.17,1
203,87.31,residential,clear,15,3.46,1
166,57.78,urban,clear,25,2.58,1
354,108.09,school_zone,clear,30,2.5,1
220,64.78,school_zone,rain,25,10.79,0
332,88.02,urban,rain,10,4.45,0
360,99.32,urban,clear,26,2.83,0
29,85.7,residential,clear,0,6.28,0
132,79.89,urban,clear,10,5.91,0
268,78.22,highway,clear,6,9.1,0
297,76.87,highway,clear,16,6.78,1
54,66.47,highway,clear,27,4.61,1
116,69.01,urban,rain,23,4.86,1
200,107.59,school_zone,fog,30,6.57,1
292,75.83,urban,night,4,2.24,0
41,62.28,school_zone,night,23,5.82,1
219,67.67,urban,clear,22,13.7,1
108,100.01,highway,clear,14,5.23,0
79,91.51,school_zone,clear,3,3.73,0
188,89.21,urban,rain,3,3.69,0
151,72.85,urban,clear,28,6.38,1
232,89.47,school_zone,clear,9,5.58,0
116,65.13,urban,clear,19,7.81,0
301,72.81,urban,clear,29,2.99,1
28,97.4,highway,rain,15,4.26,1
315,95.49,residential,rain,6,8.74,0
10,58.36,highway,clear,15,9.22,1
269,60.89,urban,night,7,9.27,0
126,80.17,residential,clear,5,8.11,0
140,112.52,highway,clear,25,8.3,1
6,39.69,urban,clear,10,5.81,1
256,83.57,urban,rain,21,1.42,0
60,50.48,urban,rain,22,1.56,0
241,65.31,urban,clear,17,5.16,0
265,70.71,highway,night,16,5.33,1
309,69.59,urban,clear,5,2.45,0
259,67.32,highway,clear,16,2.59,0
110,78.14,urban,rain,23,4.59,0
270,67.29,urban,night,6,19.0,0
302,48.75,urban,rain,7,2.07,1
116,93.6,highway,night,21,3.58,0
45,93.06,school_zone,clear,30,9.09,0
325,94.86,urban,rain,12,7.98,0
54,47.19,urban,fog,25,6.14,0
217,83.98,urban,clear,5,0.85,0
86,91.52,school_zone,clear,17,4.07,0
46,57.38,urban,night,29,15.7,1
284,78.18,school_zone,clear,13,2.51,1
52,75.67,urban,clear,15,2.43,0
245,114.84,urban,fog,4,13.3,0
253,116.49,school_zone,night,16,4.58,0
22,44.71,highway,night,18,0.93,0
63,127.88,urban,fog,30,1.84,0
290,59.7,residential,clear,6,3.06,0
185,97.61,urban,night,11,5.93,0
44,97.41,urban,clear,20,4.2,0
362,58.09,urban,rain,29,2.33,0
96,87.87,highway,clear,7,4.24,1
1,75.85,school_zone,fog,21,2.51,1
338,89.09,urban,rain,27,16.31,1
6,82.61,residential,fog,19,1.75,0
202,101.93,highway,clear,13,3.39,0
363,79.51,residential,clear,7,3.0,1
211,74.64,school_zone,clear,8,3.04,1
213,99.92,residential,clear,1,1.94,0
142,89.61,highway,rain,4,12.62,0
46,92.64,urban,clear,13,19.97,1
209,64.71,urban,rain,4,6.47,0
328,57.09,highway,clear,0,6.06,1
33,66.65,urban,clear,21,1.13,1
322,65.58,school_zone,rain,2,12.41,0
151,93.72,urban,clear,4,2.51,0
196,97.52,school_zone,clear,18,1.0,1
60,74.9,urban,clear,28,7.33,0
227,106.62,residential,clear,22,10.24,1
66,105.37,urban,rain,1,12.33,0
99,82.87,urban,clear,5,3.42,0
264,61.56,school_zone,clear,22,3.1,0
18,109.51,school_zone,rain,22,5.71,1
163,76.78,school_zone,clear,12,4.2,1
217,80.52,residential,rain,29,7.43,1
48,71.21,urban,clear,27,5.75,1
107,60.2,school_zone,night,23,2.33,0
125,48.63,urban,clear,23,12.6,0
242,90.66,highway,clear,24,7.47,1
357,62.33,urban,night,4,10.08,0
306,139.19,urban,rain,21,2.37,0
69,56.28,highway,rain,29,7.31,1
6,52.85,school_zone,fog,6,8.79,0
18,88.2,urban,clear,0,5.59,1
218,108.59,residential,fog,11,1.92,1
57,79.29,highway,rain,8,5.2,0
84,89.44,urban,clear,29,8.21,1
310,41.13,highway,clear,13,10.55,1
319,64.45,urban,clear,20,1.23,0
307,56.53,urban,night,30,5.51,1
92,40.1,highway,clear,24,1.53,1
226,80.34,urban,clear,23,8.29,0
223,33.14,urban,rain,30,9.84,0
67,51.56,school_zone,rain,21,2.18,0
202,67.26,urban,clear,7,1.83,0
192,61.37,school_zone,fog,22,2.98,1
144,85.93,school_zone,clear,9,4.32,1
275,84.11,urban,fog,10,2.66,0
248,95.88,highway,clear,19,8.81,0
194,93.05,urban,clear,9,10.59,1
265,100.82,highway,rain,0,5.34,0
279,77.96,urban,clear,30,2.74,0
207,84.07,residential,clear,17,4.2,1
97,88.23,urban,clear,20,5.33,1
277,80.83,highway,fog,25,4.06,0
262,70.06,urban,fog,19,4.61,1
359,71.35,urban,fog,18,10.02,0
54,61.65,highway,night,24,2.59,1
153,86.43,highway,night,9,17.2,0
338,76.12,residential,clear,25,5.45,1
188,64.74,urban,clear,22,3.89,1
344,64.76,urban,fog,5,2.53,0
4,53.79,urban,night,4,2.72,1
12,97.58,urban,night,27,4.96,1
291,79.57,residential,fog,27,5.43,0
131,60.74,residential,clear,30,3.78,1
190,94.17,residential,night,3,1.52,0
156,66.79,urban,night,27,4.97,1
149,49.87,urban,rain,26,2.77,0
343,98.42,school_zone,fog,23,0.92,1
34,67.26,urban,rain,15,7.64,0
282,69.82,highway,night,15,1.08,1
325,78.82,urban,clear,13,3.65,0
240,100.85,urban,fog,0,4.52,0
144,78.4,residential,clear,15,11.57,0
58,54.02,urban,clear,7,0.98,0
249,88.88,residential,clear,6,8.22,1
171,68.3,urban,clear,1,9.13,0
54,115.76,urban,clear,14,13.95,1
131,77.98,urban,night,1,10.34,0
351,33.3,urban,rain,26,4.63,1
97,85.15,highway,fog,27,8.48,1
65,116.89,urban,clear,24,11.95,1
249,109.52,highway,clear,9,0.73,0
73,114.62,residential,fog,5,1.5,0
336,57.6,urban,rain,15,5.84,0
314,96.24,urban,clear,20,9.06,1
359,63.56,urban,fog,0,7.45,0
334,82.49,school_zone,fog,26,6.23,0
89,52.54,highway,rain,13,13.82,1
77,65.11,urban,night,25,3.77,1
125,64.48,highway,rain,2,2.67,0
171,95.97,highway,rain,13,3.22,0
322,94.01,urban,clear,14,5.93,0
268,83.54,urban,clear,1,4.5,0
235,50.99,residential,clear,21,9.41,1
321,71.77,urban,fog,28,2.8,1
236,63.08,urban,rain,16,6.5,1
138,95.39,urban,clear,12,8.5,1
151,101.56,highway,rain,19,11.94,0
189,99.13,urban,clear,11,1.77,0
32,62.9,urban,clear,11,3.17,0
271,23.21,urban,night,23,4.25,0
238,42.66,highway,clear,18,1.31,1
267,106.43,urban,clear,8,6.19,0
195,69.97,residential,clear,12,6.12,0
286,62.99,urban,clear,25,5.75,0
347,110.85,urban,rain,16,4.05,0
208,103.3,residential,night,2,11.07,0
162,78.49,school_zone,rain,26,3.23,0
38,72.13,urban,rain,22,10.39,1
284,75.36,school_zone,clear,8,3.18,1
330,82.54,highway,rain,29,1.73,0
256,110.0,urban,clear,29,4.66,0
316,86.45,school_zone,clear,30,5.34,0
315,92.52,school_zone,fog,11,6.57,0
292,101.39,urban,clear,28,0.49,0
184,54.61,highway,clear,24,3.72,0
36,93.1,urban,clear,26,16.39,0
1,72.11,urban,fog,16,2.99,0
74,27.68,residential,clear,8,9.15,0
157,35.44,highway,clear,7,27.44,0
272,57.64,highway,fog,29,18.39,1
166,88.62,highway,clear,15,1.98,1
8,80.28,highway,night,28,8.62,0
76,81.69,urban,clear,17,9.0,0
358,117.02,residential,rain,16,7.68,1
361,52.62,highway,night,2,1.69,0
138,77.45,highway,clear,12,5.71,0
294,84.09,highway,rain,17,5.68,0
263,63.27,urban,clear,3,1.47,0
340,78.57,urban,fog,5,3.89,0
324,46.0,urban,night,18,5.9,0
230,106.2,urban,rain,7,4.56,1
144,64.37,highway,night,21,8.08,0
229,118.63,residential,rain,14,3.81,0
116,77.35,urban,rain,12,5.29,1
127,98.56,urban,clear,3,9.55,0
222,76.93,highway,rain,12,15.12,1
209,77.39,urban,fog,16,1.66,0
212,66.32,residential,rain,17,7.87,0
140,80.38,urban,clear,8,3.33,0
149,84.36,urban,clear,0,6.63,0
3,62.31,urban,fog,28,1.54,0
220,75.5,residential,night,29,11.23,0
210,65.8,urban,clear,28,2.52,0
342,123.99,highway,clear,8,9.67,0
184,76.21,urban,clear,18,1.74,1
171,108.9,urban,clear,4,1.24,0
24,74.09,residential,night,28,4.13,1
72,83.19,urban,clear,0,5.75,1
123,51.57,urban,clear,14,19.49,0
138,69.06,highway,clear,26,5.65,0
132,82.21,residential,clear,22,1.98,0
144,109.72,urban,night,26,8.61,1
281,82.44,urban,clear,15,12.51,0
47,105.67,residential,clear,2,2.4,0
121,90.81,highway,clear,0,9.43,0
59,110.55,residential,night,4,11.46,1
112,76.82,school_zone,night,1,8.76,0
250,125.8,highway,clear,13,2.86,0
17,68.29,urban,rain,1,5.8,0
124,62.67,urban,clear,5,6.63,1
8,53.8,school_zone,rain,13,11.01,1
349,124.62,school_zone,clear,22,3.02,1
266,94.39,residential,fog,20,9.59,1
89,71.32,highway,night,1,4.43,1
72,102.98,urban,clear,28,3.72,1
36,91.75,highway,clear,17,5.14,1
173,117.32,highway,clear,10,0.38,1
275,47.04,urban,clear,11,0.58,1
213,72.69,school_zone,clear,26,0.8,1
322,68.75,highway,clear,14,6.84,0
125,38.53,urban,night,7,4.06,0
101,99.21,highway,clear,13,2.87,1
174,72.59,highway,fog,2,4.8,0
73,92.79,residential,clear,4,9.75,1
357,125.2,urban,clear,9,4.63,0
67,70.94,highway,clear,6,1.93,0
175,69.58,highway,night,10,21.55,1
191,80.37,highway,clear,2,4.99,0
20,97.74,urban,clear,18,11.53,1
171,66.67,residential,rain,3,8.81,0
166,65.38,residential,rain,6,3.52,0
94,99.14,highway,rain,30,14.98,1
46,85.57,highway,clear,0,3.07,1
16,37.11,urban,clear,8,6.75,1
3,53.49,highway,fog,15,6.12,0
176,108.02,urban,rain,9,6.54,0
32,86.04,school_zone,rain,9,13.32,0
351,62.76,urban,clear,3,5.09,0
89,74.59,school_zone,clear,13,5.84,1
238,78.26,urban,night,23,6.06,0
246,92.71,highway,rain,18,18.95,0
181,50.83,highway,clear,28,10.94,1
323,61.18,urban,night,21,1.18,0
40,83.46,urban,rain,24,3.17,0
85,76.0,school_zone,clear,13,5.36,0
92,89.44,highway,clear,18,13.14,1
49,53.41,urban,rain,17,14.0,0
107,85.14,urban,clear,25,4.86,1
114,99.83,urban,rain,15,3.08,0
279,87.74,highway,rain,12,4.35,1
110,80.78,highway,clear,2,5.51,1
320,76.08,urban,night,26,4.12,0
282,61.3,highway,clear,13,11.73,0
330,76.56,school_zone,clear,24,3.81,0
38,103.19,school_zone,rain,21,2.42,1
360,75.62,urban,rain,0,4.28,0
224,60.2,urban,clear,20,6.35,1
359,68.16,urban,rain,15,11.87,0
129,82.02,urban,night,7,2.26,0
348,70.53,urban,fog,8,6.38,0
215,87.71,urban,fog,19,6.52,0
26,88.46,urban,clear,2,7.42,1
150,95.78,highway,clear,18,3.8,1
50,106.47,urban,rain,26,7.33,1
344,97.92,school_zone,clear,2,8.66,0
111,59.32,urban,fog,0,3.77,1
81,59.93,highway,clear,1,5.84,0
202,76.48,urban,clear,22,4.48,1
155,68.98,school_zone,clear,26,2.72,1
35,55.23,school_zone,clear,30,1.58,1
298,69.17,urban,clear,0,3.07,0
309,68.51,highway,rain,14,3.25,0
271,64.56,urban,rain,1,1.55,0
225,71.68,highway,clear,11,6.99,0
147,101.57,urban,clear,9,9.09,0
198,81.98,urban,fog,18,4.39,0
190,127.44,urban,clear,28,4.91,0
60,81.41,residential,clear,24,3.43,0
29,72.2,urban,clear,1,4.7,0
92,78.08,highway,rain,7,7.37,0
166,83.13,urban,fog,8,6.39,1
58,86.71,urban,rain,7,4.68,0
39,119.53,urban,night,10,3.25,0
311,61.09,residential,fog,18,8.57,0
137,95.18,school_zone,clear,22,3.53,0
213,82.16,urban,clear,29,1.67,1
191,46.58,school_zone,clear,21,5.58,1
269,93.41,urban,clear,9,0.96,0
270,103.35,urban,rain,5,6.2,0
108,60.86,highway,clear,11,6.53,0
310,77.82,urban,clear,24,3.04,1
135,43.49,urban,clear,30,3.41,1
305,52.82,highway,rain,12,9.43,0
148,98.96,urban,rain,5,17.76,0
40,68.67,residential,night,0,5.11,0
278,55.82,highway,clear,2,3.09,0
11,82.59,school_zone,clear,19,6.57,1
282,67.55,highway,night,18,4.54,1
15,68.58,residential,rain,19,6.26,0
75,92.79,urban,rain,0,5.59,0
220,54.77,highway,clear,13,5.7,1
344,59.89,highway,clear,5,0.65,0
149,81.08,residential,fog,10,3.4,0
44,97.39,urban,rain,19,3.14,0
85,102.76,highway,rain,8,3.11,1
327,64.7,school_zone,clear,20,7.77,0
265,96.75,urban,clear,8,1.82,0
36,62.32,residential,clear,15,0.66,1
140,114.52,urban,fog,14,3.05,1
96,55.32,urban,clear,11,2.55,1
65,104.57,highway,clear,3,5.14,0
309,64.87,urban,clear,17,2.53,1
226,118.26,urban,night,30,4.04,0
65,89.83,urban,clear,19,3.6,1
238,57.68,urban,clear,23,11.47,1
151,67.56,school_zone,rain,24,2.59,0
22,93.62,residential,fog,1,7.45,0
164,99.05,highway,rain,24,4.65,1
67,76.59,urban,fog,7,9.57,1
89,78.89,highway,clear,20,13.85,0
321,93.17,residential,night,30,4.6,1
259,80.64,school_zone,night,27,1.0,0
49,52.13,urban,clear,12,1.83,1
311,61.74,urban,rain,25,1.45,1
210,82.7,residential,clear,19,3.42,0
320,102.31,residential,clear,4,2.99,0
273,110.32,urban,clear,7,5.8,1
124,93.59,school_zone,clear,29,9.07,1
195,83.75,urban,night,28,0.89,1
194,92.98,urban,clear,27,4.92,1
263,64.66,school_zone,rain,11,2.65,0
90,74.94,highway,clear,9,5.05,1
121,61.52,urban,clear,24,3.43,1
89,53.03,residential,clear,0,8.04,1
108,84.67,school_zone,clear,27,1.95,1
59,81.71,urban,rain,18,2.8,0
13,91.75,highway,night,19,4.36,1
344,88.92,school_zone,clear,13,3.72,0
27,82.85,highway,night,30,4.34,0
325,89.13,residential,rain,23,1.13,1
1,77.15,highway,rain,1,12.48,0
284,86.26,urban,clear,16,3.22,0
120,63.48,urban,clear,26,2.07,0
189,85.39,school_zone,fog,2,4.43,1
103,91.37,residential,rain,22,4.95,1
179,64.61,urban,clear,7,16.17,1
165,79.04,urban,fog,15,10.08,0
193,65.53,school_zone,clear,27,3.66,0
143,67.47,urban,fog,15,14.32,1
196,55.5,urban,clear,1,12.5,0
302,103.32,residential,night,0,2.09,1
159,99.31,school_zone,clear,22,18.65,1
132,88.75,residential,clear,28,3.27,0
48,117.44,highway,rain,9,5.4,1
131,74.22,urban,clear,28,11.23,1
45,138.64,residential,night,14,0.89,0
66,73.45,urban,rain,1,4.34,1
348,83.1,urban,clear,16,6.03,0
32,70.04,residential,clear,30,9.82,1
176,85.45,highway,night,7,4.78,0
305,94.71,residential,rain,29,0.91,0
348,75.72,urban,fog,20,16.09,0
53,113.53,residential,clear,12,4.91,1
59,82.78,highway,night,21,6.2,1
136,83.41,highway,clear,12,1.26,1
202,59.82,residential,rain,2,12.13,1
351,86.37,urban,clear,26,3.3,1
76,75.32,school_zone,clear,11,2.66,0
60,65.84,highway,night,17,10.36,1
92,62.47,school_zone,night,23,1.41,1
320,131.44,residential,clear,2,6.26,1
10,72.73,highway,night,22,2.59,1
139,48.86,urban,clear,11,6.81,1
43,64.04,urban,clear,16,8.12,1
57,76.97,residential,clear,14,3.21,1
335,88.93,residential,clear,24,11.66,0
0,89.1,residential,clear,5,4.91,1
117,91.53,urban,clear,3,16.24,1
335,65.1,urban,clear,12,10.44,1
222,84.81,school_zone,rain,3,5.34,0
26,60.48,school_zone,fog,7,5.31,1
170,65.61,urban,rain,20,1.55,1
355,59.65,highway,clear,25,10.35,0
146,54.23,urban,fog,21,2.96,1
193,99.28,highway,clear,9,5.77,1
194,91.77,urban,fog,25,16.15,0
241,97.53,urban,rain,12,11.51,0
68,78.79,urban,clear,5,2.22,0
307,93.54,residential,clear,23,4.93,1
361,42.77,school_zone,fog,16,6.21,0
52,95.26,residential,night,11,12.47,0
299,81.54,highway,rain,20,11.25,1
298,90.54,urban,night,22,7.4,0
271,85.6,urban,night,6,6.91,0
135,58.26,highway,clear,3,4.87,0
171,48.04,urban,rain,16,6.08,0
307,63.76,school_zone,clear,1,4.03,0
55,89.3,school_zone,clear,19,8.66,0
303,91.8,residential,clear,13,7.17,1
336,50.64,urban,night,6,10.09,0
249,58.38,highway,rain,18,9.9,1
124,63.54,urban,clear,11,2.95,0
204,70.85,urban,clear,12,0.48,1
18,50.76,school_zone,clear,6,2.76,0
341,49.56,highway,rain,20,6.04,0
125,61.56,school_zone,night,27,4.04,1
20,79.73,urban,clear,19,3.91,1
290,54.39,residential,clear,7,2.62,1
240,75.68,residential,rain,25,6.67,0
227,99.17,highway,clear,3,0.93,0
19,51.96,residential,clear,8,7.36,1
274,73.87,urban,clear,1,7.45,0
233,98.5,school_zone,clear,26,9.94,1
290,69.63,residential,clear,1,29.19,0
302,66.53,school_zone,night,16,0.41,0
77,101.27,school_zone,clear,5,7.22,1
77,71.88,highway,clear,6,8.25,0
338,100.09,school_zone,rain,18,2.77,0
194,86.58,highway,night,24,4.26,1
160,71.14,urban,clear,0,3.34,1
105,87.59,urban,clear,4,7.55,1
233,84.41,school_zone,rain,8,10.69,0
275,98.42,highway,clear,29,1.76,0
0,67.03,highway,rain,1,6.73,0
202,78.82,residential,clear,5,12.22,0
363,76.77,highway,clear,12,2.94,1
102,92.08,urban,clear,10,2.36,1
102,57.5,urban,rain,1,2.12,0
321,98.34,highway,clear,16,2.47,1
22,87.33,school_zone,clear,18,15.96,0
145,51.66,highway,clear,5,18.44,1
167,102.17,highway,fog,21,13.29,0
292,122.68,school_zone,clear,1,3.97,0
47,98.04,school_zone,rain,22,13.63,0
158,106.54,school_zone,rain,8,2.01,0
55,79.71,urban,clear,6,8.81,0
288,44.77,school_zone,night,6,3.16,0
231,41.12,highway,fog,26,1.78,0
181,83.1,urban,clear,15,6.59,0
143,66.16,highway,clear,21,6.7,1
56,59.71,school_zone,clear,6,7.18,1
337,76.75,highway,clear,1,7.78,0
237,90.31,school_zone,clear,1,6.35,0
116,48.94,urban,night,13,4.59,0
151,69.02,urban,fog,10,5.26,1
265,108.2,urban,clear,23,8.9,1
263,56.49,urban,clear,24,6.18,0
168,95.4,highway,clear,9,3.46,0
110,68.31,school_zone,clear,13,2.73,1
241,88.92,school_zone,clear,11,5.22,1
240,99.95,urban,night,20,12.18,1
219,92.83,urban,fog,19,7.86,0
26,96.18,urban,clear,20,12.62,0
173,54.97,highway,rain,1,3.92,1
224,100.27,urban,rain,10,5.84,0
347,60.95,highway,fog,29,6.5,0
192,83.19,school_zone,clear,10,9.18,1
125,83.16,highway,clear,5,3.92,0
203,87.7,urban,rain,6,7.85,0
64,84.74,urban,clear,0,11.72,0
33,61.12,highway,rain,24,4.78,1
248,51.0,highway,clear,0,2.44,0
360,95.45,urban,rain,18,11.99,0
309,81.72,residential,fog,12,8.36,0
213,100.99,highway,clear,2,1.41,1
14,77.11,highway,clear,27,4.87,1
361,49.9,urban,rain,23,16.6,0
164,97.32,urban,clear,25,7.41,1
106,70.59,urban,rain,29,5.22,1
326,84.84,urban,rain,28,2.17,1
273,65.05,highway,clear,21,2.17,1
274,110.89,highway,fog,16,8.79,1
101,60.47,residential,clear,21,2.35,0
363,71.25,residential,rain,13,6.54,0
165,80.15,urban,clear,5,4.77,1
194,56.16,urban,clear,11,6.26,0
274,84.61,school_zone,clear,14,4.46,0
241,110.24,residential,night,1,7.17,0
63,68.19,residential,fog,26,9.9,1
110,85.9,urban,fog,28,4.52,0
132,23.01,urban,clear,13,9.31,1
346,77.22,urban,clear,15,12.99,0
261,71.74,school_zone,fog,26,6.5,1
134,61.63,highway,rain,14,8.64,1
268,99.63,highway,clear,21,1.78,1
270,71.48,highway,fog,15,4.59,0
144,74.45,urban,clear,8,1.25,0
147,70.46,highway,clear,24,3.4,1
327,39.66,urban,night,5,4.64,0
205,55.36,highway,clear,6,17.55,1
54,97.22,school_zone,clear,21,2.76,1
263,35.8,highway,rain,22,5.04,0
215,62.67,urban,night,29,2.35,1
186,70.01,school_zone,clear,22,4.34,0
265,112.87,school_zone,fog,0,7.25,0
331,93.37,urban,clear,26,8.09,1
120,66.86,urban,clear,12,3.91,1
153,104.09,highway,clear,0,3.1,0
69,63.19,urban,clear,17,14.13,1
236,98.18,urban,clear,5,3.68,0
147,50.82,urban,clear,12,0.61,0
125,99.47,urban,rain,14,11.76,0
254,69.88,highway,rain,2,0.8,1
149,57.43,highway,rain,26,11.77,1
169,73.66,urban,fog,15,1.27,1
161,83.55,school_zone,clear,29,1.55,1
94,68.11,urban,clear,14,1.96,1
46,89.08,urban,clear,18,3.45,0
302,66.34,urban,rain,25,11.85,0
33,90.41,school_zone,clear,6,2.02,0
118,86.84,residential,clear,28,7.24,1
244,76.78,highway,clear,5,6.15,0
48,69.17,urban,clear,30,5.39,0
239,81.03,urban,night,19,10.4,0
268,89.01,urban,rain,16,5.73,0
242,119.24,school_zone,clear,6,6.06,1
111,96.79,urban,rain,17,8.59,1
7,97.52,residential,rain,17,3.54,1
324,139.77,highway,clear,30,5.07,1
119,88.32,highway,clear,25,6.49,1
294,87.69,school_zone,rain,14,9.72,0
72,92.08,urban,clear,12,4.59,1
59,57.82,school_zone,clear,11,5.01,1
284,69.12,urban,clear,11,7.12,0
343,67.88,school_zone,fog,0,4.66,1
314,90.95,highway,night,1,2.82,1
274,74.52,urban,fog,23,8.58,0
90,80.76,school_zone,clear,7,5.75,1
334,99.75,urban,clear,12,3.77,1
244,95.26,urban,rain,21,1.96,1
63,74.77,school_zone,fog,18,0.82,0
47,64.6,highway,night,11,7.38,1
318,100.71,residential,fog,23,2.76,0
100,93.48,highway,clear,4,1.19,1
280,45.87,highway,rain,14,2.48,0
50,71.74,urban,fog,3,6.47,1
102,81.31,urban,rain,16,2.74,1
103,93.58,residential,rain,2,6.56,0
102,96.2,urban,clear,29,3.25,1
246,83.68,highway,rain,20,5.05,1
334,89.7,urban,clear,7,5.39,0
333,79.28,urban,clear,18,8.26,1
271,64.52,highway,fog,10,8.44,1
74,72.77,school_zone,night,16,5.18,1
351,78.38,school_zone,fog,5,2.27,0
198,77.31,residential,clear,15,11.17,0
199,40.29,urban,clear,3,3.7,1
256,70.05,highway,clear,4,0.35,0
281,79.12,urban,fog,18,6.29,0
348,72.37,school_zone,rain,15,6.48,0
213,73.06,urban,night,9,3.82,0
223,87.76,highway,clear,1,1.28,0
272,56.42,urban,rain,13,1.01,0
93,45.44,school_zone,fog,28,4.06,0
112,71.04,school_zone,clear,21,2.07,1
228,93.28,residential,night,1,9.7,1
23,111.75,urban,rain,29,3.93,0
117,93.64,residential,clear,13,3.55,1
262,48.63,urban,clear,17,16.36,1
357,73.35,urban,fog,0,0.44,0
190,83.13,urban,rain,9,5.02,0
146,81.55,urban,fog,24,0.85,1
161,88.79,highway,fog,10,11.96,0
250,59.66,urban,clear,5,1.17,0
199,79.3,urban,fog,2,6.67,0
8,86.41,highway,night,28,6.0,1
197,94.51,school_zone,clear,25,0.83,0
146,61.89,highway,fog,1,6.71,0
256,71.1,highway,clear,28,3.24,1
320,23.92,urban,clear,25,7.66,0
352,65.57,school_zone,clear,11,3.06,0
223,67.51,urban,fog,20,6.73,1
132,57.61,urban,clear,7,4.64,0
162,81.31,urban,clear,7,6.71,0
64,76.88,highway,rain,22,7.56,1
342,32.82,urban,clear,6,4.25,1
310,82.31,highway,fog,11,3.72,0
312,59.43,urban,night,11,7.42,0
120,87.71,highway,clear,4,3.28,0
117,52.36,highway,clear,25,4.32,0
313,78.6,urban,night,20,13.54,1
199,72.34,urban,clear,26,5.06,1
257,84.06,highway,clear,16,8.44,0
179,80.49,highway,night,5,2.87,0
162,72.9,urban,fog,8,6.66,1
231,47.27,highway,rain,10,4.41,0
297,48.46,urban,rain,29,3.8,1
122,66.32,urban,night,7,0.76,0
296,77.83,urban,rain,21,2.09,0
89,65.84,highway,rain,3,17.06,0
147,90.5,urban,fog,29,4.6,1
334,72.42,highway,rain,20,5.08,0
349,58.7,urban,clear,13,9.52,1
338,72.44,school_zone,clear,10,6.2,0
115,82.52,urban,clear,10,3.78,0
308,84.5,highway,clear,6,3.81,0
342,115.57,school_zone,clear,18,1.94,1
358,64.62,urban,clear,26,7.06,1
7,76.53,urban,fog,7,7.24,0
272,86.52,highway,clear,23,5.13,0
364,77.53,residential,clear,17,4.5,1
279,67.99,residential,clear,23,7.29,0
85,47.01,urban,clear,23,1.9,0
279,67.78,school_zone,fog,1,6.45,1
38,56.53,urban,clear,0,14.04,0
175,43.47,urban,clear,28,2.95,1
229,62.09,highway,fog,4,4.17,1
167,57.06,highway,clear,17,11.61,1
256,89.68,highway,clear,23,5.14,1
87,90.02,school_zone,fog,15,8.91,0
221,59.92,urban,rain,0,6.73,0
236,72.8,highway,fog,0,7.14,0
231,40.84,urban,fog,20,2.81,1
105,68.11,urban,night,27,2.73,1
111,85.98,urban,clear,10,8.1,1
94,94.5,residential,fog,16,1.4,0
169,63.74,highway,rain,28,4.32,1
214,99.04,urban,clear,25,7.3,0
132,47.69,highway,night,16,4.15,1
150,53.05,residential,clear,20,4.54,0
104,92.19,residential,fog,29,9.22,0
80,111.42,highway,rain,24,12.57,0
240,87.87,urban,clear,12,21.62,0
298,77.19,highway,clear,21,11.85,0
106,34.1,school_zone,night,10,3.49,0
314,37.55,residential,rain,28,2.41,1
208,80.59,school_zone,clear,2,3.53,0
61,70.84,highway,clear,6,7.38,0
133,55.88,urban,fog,10,3.83,1
2,79.31,highway,clear,6,2.9,1
14,80.3,urban,rain,18,13.61,0
123,96.89,urban,rain,22,3.73,0
166,80.73,highway,clear,27,6.97,1
291,102.57,highway,rain,15,6.84,0
49,78.16,residential,clear,19,0.78,0
307,75.69,school_zone,night,18,13.06,0
85,99.29,residential,fog,0,1.79,0
50,58.43,school_zone,clear,21,1.26,0
256,134.29,school_zone,clear,0,3.4,0
283,85.51,urban,clear,16,2.44,0
221,85.62,highway,night,30,11.69,1
42,88.5,urban,clear,24,6.13,1
42,115.54,urban,rain,15,3.14,1
142,93.85,urban,night,9,1.21,0
164,45.9,school_zone,clear,25,6.66,0
365,106.07,school_zone,rain,26,4.01,1
104,71.18,residential,clear,11,7.33,0
70,80.14,residential,rain,3,6.16,0
346,52.41,residential,clear,18,2.51,0
56,88.52,urban,night,19,8.01,1
9,64.97,residential,clear,28,1.59,1
154,80.0,school_zone,clear,27,3.88,1
146,72.32,residential,fog,7,4.31,0
226,116.5,urban,fog,7,4.78,0
321,117.65,urban,rain,30,1.5,1
341,78.93,residential,rain,10,11.3,1
106,79.28,urban,clear,14,2.5,0
358,70.53,urban,rain,9,0.93,0
231,100.12,highway,clear,12,6.3,0
25,71.42,urban,clear,17,16.9,0
343,69.57,urban,night,9,0.77,0
50,97.57,residential,rain,12,9.31,1
215,67.23,residential,clear,10,5.04,0
289,77.24,residential,clear,3,1.56,0
91,46.37,urban,night,24,4.28,0
99,92.08,urban,clear,27,14.25,1
174,116.82,urban,clear,15,12.13,1
323,92.42,highway,clear,6,24.31,0
81,107.24,urban,clear,19,8.27,1
242,61.08,school_zone,clear,16,3.31,0
165,82.73,residential,night,17,9.19,0
40,59.14,highway,clear,18,2.75,1
260,73.44,urban,clear,22,4.57,1
304,93.44,urban,rain,1,2.76,0
210,80.04,urban,rain,3,8.25,0
64,49.75,urban,rain,2,7.73,1
56,51.7,highway,rain,4,2.98,1
154,50.38,urban,rain,30,10.68,1
185,87.83,highway,rain,22,13.04,0
202,119.28,school_zone,fog,20,3.34,1
89,105.25,urban,rain,21,6.75,0
183,40.08,urban,fog,1,13.58,0
107,106.42,urban,clear,6,6.33,1
251,96.73,urban,rain,24,3.88,1
291,47.09,highway,rain,14,4.71,0
238,71.94,school_zone,clear,15,3.3,0
0,99.91,residential,fog,23,10.91,1
363,89.01,highway,clear,2,10.01,0
8,51.82,urban,clear,24,2.69,0
365,90.21,urban,fog,21,3.14,0
11,35.25,urban,clear,12,1.28,1
189,73.54,urban,clear,15,7.42,0
38,100.76,residential,clear,2,1.84,1
34,78.37,highway,fog,6,18.45,0
250,68.02,urban,clear,7,2.44,0
266,95.79,urban,rain,27,0.71,0
43,97.5,urban,fog,3,1.77,1
357,104.2,residential,rain,9,6.18,0
117,95.49,urban,night,4,4.66,0
116,99.63,urban,fog,8,2.39,1
108,92.66,urban,clear,0,4.48,0
168,83.31,school_zone,night,8,3.03,0
65,79.79,highway,clear,22,7.29,1
155,73.25,highway,clear,23,1.9,0
76,53.75,urban,clear,11,5.55,1
18,58.89,urban,rain,21,5.72,1
134,72.36,residential,clear,19,4.77,1
246,82.83,urban,rain,27,6.68,1
279,106.82,urban,clear,24,4.44,0
129,77.16,highway,clear,7,8.18,1
118,98.07,urban,clear,18,4.77,0
288,99.59,urban,fog,24,11.24,0
249,73.37,school_zone,clear,9,5.53,1
304,89.89,highway,clear,17,10.76,0
331,73.13,urban,clear,12,3.08,0
300,104.44,urban,clear,9,2.11,0
342,90.72,school_zone,rain,6,8.14,1
152,54.19,urban,clear,1,4.84,1
144,81.23,urban,clear,23,0.46,1
117,110.96,highway,fog,25,2.64,1
86,74.38,highway,clear,20,6.21,1
274,86.95,residential,clear,7,4.52,1
261,88.92,urban,fog,0,2.54,0
293,57.27,urban,rain,19,4.81,0
61,88.21,highway,rain,6,5.42,0
179,50.12,highway,clear,17,0.94,1
81,65.49,urban,clear,30,10.56,1
326,99.51,highway,clear,0,12.21,0
97,85.14,urban,clear,17,2.63,0
52,71.91,school_zone,clear,30,16.52,1
208,86.93,school_zone,night,10,4.55,1
321,76.8,urban,rain,25,2.89,0
335,78.25,residential,clear,25,2.82,0
35,91.14,residential,clear,15,15.8,1
119,63.45,urban,rain,9,1.94,0
56,78.81,urban,clear,21,5.51,1
112,71.75,highway,clear,19,6.02,0
195,46.29,urban,clear,14,8.18,0
102,59.59,urban,rain,5,5.18,0
24,109.36,urban,rain,23,15.04,0
186,85.69,residential,clear,6,16.95,0
19,51.53,urban,clear,4,12.8,0
82,47.19,school_zone,rain,2,6.46,1
0,75.76,urban,rain,13,9.39,1
31,109.22,urban,rain,3,3.83,1
159,74.26,residential,clear,10,10.83,0
311,104.14,urban,rain,7,3.04,1
283,85.04,urban,night,14,2.25,1
36,87.43,urban,rain,24,2.19,1
12,51.29,highway,clear,13,7.43,1
123,96.75,urban,rain,17,13.83,0
238,71.3,urban,clear,4,14.57,1
273,95.26,urban,clear,3,0.5,0
301,61.72,urban,clear,30,9.79,1
125,81.54,urban,night,19,2.12,1
61,85.04,highway,clear,0,21.4,1
9,74.92,urban,fog,17,1.53,0
53,86.09,urban,clear,0,0.96,0
23,72.67,highway,clear,2,9.93,0
315,65.02,school_zone,clear,11,3.65,1
98,110.11,urban,rain,20,3.47,0
301,98.98,urban,clear,19,2.59,0
202,62.78,urban,clear,24,2.99,0
197,89.37,residential,clear,5,10.23,0
166,63.15,urban,clear,5,2.19,0
299,54.31,urban,clear,16,4.42,0
15,98.68,urban,clear,26,1.98,1
33,43.92,urban,clear,22,5.35,0
154,96.54,urban,night,20,3.43,1
144,72.95,urban,clear,2,6.97,0
199,73.77,highway,clear,27,7.65,1
270,86.2,highway,clear,30,13.99,1
215,89.62,highway,clear,18,20.49,1
94,61.47,school_zone,rain,10,2.83,0
119,92.35,urban,clear,20,8.29,1
275,80.27,residential,clear,19,3.38,0
73,52.88,school_zone,rain,28,7.49,0
184,74.6,school_zone,clear,3,7.26,1
197,105.63,school_zone,night,15,7.1,1
274,111.53,urban,night,21,8.74,0
261,92.35,urban,clear,10,5.61,0
170,54.19,urban,clear,26,3.66,0
113,87.81,urban,clear,2,5.4,1
134,95.02,highway,clear,3,19.49,1
150,92.51,urban,clear,24,3.11,0
80,93.7,urban,rain,3,3.9,0
228,85.27,residential,clear,12,2.64,0
76,76.55,highway,clear,8,0.77,0
237,65.83,highway,clear,21,4.73,0
275,40.04,urban,night,0,7.86,0
352,84.79,highway,night,11,2.28,0
43,81.72,residential,clear,30,12.56,1
278,89.15,highway,rain,11,6.82,0
31,51.25,highway,clear,18,10.3,0
123,90.9,highway,rain,30,6.36,1
64,119.09,urban,rain,18,4.4,1
59,79.57,highway,fog,23,3.73,0
64,76.77,residential,clear,29,6.16,1
16,84.18,urban,clear,19,6.58,1
301,118.65,urban,night,25,3.3,1
22,57.53,urban,clear,15,4.31,1
145,82.06,urban,clear,25,17.04,0
255,62.01,residential,rain,19,5.47,0
362,67.06,school_zone,fog,10,5.9,0
312,77.01,urban,rain,17,14.35,0
50,104.95,urban,fog,10,6.64,0
361,114.02,urban,rain,12,4.96,1
239,86.96,urban,clear,9,10.09,0
65,70.47,highway,rain,15,8.57,0
164,127.85,school_zone,fog,10,6.01,1
335,69.45,highway,fog,19,6.4,1
143,66.58,urban,clear,11,4.0,0
67,42.5,school_zone,clear,15,1.85,1
320,105.92,school_zone,fog,4,7.71,0
348,97.36,urban,clear,11,1.22,1
357,126.36,highway,clear,11,1.93,0
349,50.21,highway,fog,29,4.27,0
319,107.16,school_zone,clear,13,3.93,1
166,79.4,urban,clear,0,8.31,0
70,94.12,urban,clear,9,9.86,1
225,45.04,highway,clear,22,18.65,1
80,107.36,urban,fog,5,1.03,0
173,93.73,urban,clear,5,7.07,0
240,77.22,school_zone,clear,11,6.86,0
346,90.9,urban,clear,11,6.25,0
105,62.69,highway,clear,14,7.71,0
92,66.41,residential,clear,1,8.89,1
268,68.73,highway,clear,22,12.82,0
2,40.95,highway,clear,6,6.39,1
207,95.24,highway,clear,22,15.49,1
273,101.83,urban,clear,17,6.43,0
201,63.97,urban,clear,6,3.51,0
140,84.96,highway,clear,14,6.01,0
303,72.69,urban,clear,1,2.46,0
135,84.57,urban,clear,21,2.57,1
260,65.45,urban,clear,9,4.55,0
169,60.33,school_zone,clear,11,4.06,1
9,99.04,urban,rain,4,12.58,1
194,76.72,school_zone,clear,11,4.51,1
18,118.44,urban,fog,12,2.16,1
340,78.93,highway,rain,6,5.2,0
220,59.48,urban,clear,30,6.38,1
136,102.54,urban,clear,8,5.63,1
177,90.62,highway,clear,5,2.06,0
226,92.54,highway,clear,16,13.51,1
95,101.81,urban,clear,9,0.91,1
105,64.94,urban,clear,14,5.57,0
153,75.45,urban,fog,22,2.0,0
94,74.57,urban,clear,2,10.5,1
277,52.19,highway,rain,15,7.09,1
37,72.73,urban,fog,0,6.38,0
302,104.73,highway,clear,1,4.24,1
127,82.75,urban,night,2,12.72,0
205,51.08,highway,night,5,4.24,1
57,46.88,urban,clear,10,16.41,0
141,111.3,highway,clear,28,2.51,1
276,76.19,urban,clear,28,5.23,0
99,65.05,residential,clear,3,8.72,0
48,72.52,highway,clear,30,7.45,0
191,48.45,school_zone,clear,19,4.92,1
59,106.46,urban,clear,17,1.05,0
115,70.14,urban,fog,24,5.85,0
164,105.35,urban,clear,15,3.84,0
206,79.03,urban,clear,8,3.13,1
234,106.59,highway,clear,16,9.08,0
247,83.13,school_zone,fog,22,0.82,0
309,95.06,highway,rain,21,5.06,0
24,92.38,highway,clear,5,0.24,0
132,90.47,urban,rain,29,7.49,1
0,84.96,urban,clear,8,9.15,0
3,73.34,school_zone,rain,25,5.79,1
77,116.31,urban,rain,9,3.55,0
218,59.86,urban,clear,1,12.6,0
327,78.09,residential,rain,30,13.18,0
283,78.3,residential,fog,18,6.62,0
236,86.05,highway,fog,6,14.52,1
284,69.41,urban,clear,0,2.5,0
62,84.29,school_zone,rain,4,4.69,0
307,74.62,urban,clear,5,0.43,0
325,46.36,urban,fog,28,1.87,0
34,78.19,urban,fog,5,1.72,0
172,55.99,residential,clear,5,7.45,0
303,43.31,residential,clear,25,1.99,0
174,80.74,highway,clear,27,2.93,0
307,87.76,urban,clear,6,3.25,0
342,88.53,highway,clear,20,1.54,0
173,89.34,urban,clear,16,5.46,0
21,39.35,residential,rain,17,6.23,1
124,50.78,urban,clear,9,1.18,0
78,117.47,urban,clear,23,8.29,1
173,57.06,school_zone,rain,27,2.35,0
214,90.22,highway,clear,22,3.21,0
169,64.26,school_zone,clear,27,7.13,1
71,79.59,urban,fog,3,3.24,0
110,65.33,school_zone,night,20,1.9,0
248,89.23,urban,rain,30,5.22,1
9,80.74,urban,clear,16,10.58,0
78,69.03,highway,clear,29,9.71,1
326,57.0,urban,night,10,2.98,0
36,83.36,highway,rain,27,2.2,1
151,53.75,urban,fog,29,2.63,0
75,86.55,urban,rain,19,9.78,1
38,130.53,school_zone,clear,21,2.59,1
154,105.0,urban,clear,16,14.04,0
190,92.37,highway,fog,9,7.07,1
64,76.29,school_zone,fog,16,4.78,1
28,39.22,urban,clear,29,2.94,1
49,51.55,school_zone,rain,0,5.28,0
238,103.66,urban,clear,6,1.88,1
314,62.2,urban,night,15,1.22,0
65,64.01,urban,clear,10,7.12,0
117,74.69,school_zone,rain,19,4.76,1
125,56.76,highway,clear,11,8.51,1
132,53.46,highway,rain,20,6.08,0
89,76.99,residential,rain,3,2.9,0
20,60.17,urban,clear,10,9.7,0
192,63.18,residential,fog,21,3.2,0
130,62.38,school_zone,fog,14,11.63,0
125,88.45,residential,fog,22,3.12,0
96,73.36,residential,clear,19,1.44,1
340,74.43,residential,rain,10,13.07,1
223,89.94,urban,rain,13,3.03,1
153,75.16,school_zone,rain,29,3.21,1
75,72.43,school_zone,clear,29,1.5,1
293,87.41,highway,rain,1,4.46,1
325,91.36,urban,clear,21,1.69,0
11,75.06,residential,clear,15,12.56,1
340,79.61,urban,clear,0,3.62,0
